objectArea,channel1_MeanIntensity,channel2_MeanIntensity,channel1_MeanBackgroundIntensity,channel2_MeanBackgroundIntensity,channel1_IntegratedIntensityAboveBackground,channel2_IntegratedIntensityAboveBackground,ratio_1_over_2,xPosition,yPosition,FileName,Condition
92,9.3319,6.3119,0.0467,0.0568,854.2366,575.4644,1.4844,1261.5,350,L1_004,L1
218,9.1486,7.8893,0.0467,0.0568,1984.2195,1707.4932,1.1621,1277.1972,569.3532,L1_004,L1
489,24.9879,25.7876,0.0467,0.0568,12196.2285,12582.3779,0.9693,1335.5256,506.227,L1_004,L1
306,9.7854,11.4551,0.0467,0.0568,2980.0299,3487.8791,0.8544,1365.0752,1544.7255,L1_004,L1
242,10.5034,8.0929,0.0467,0.0568,2530.512,1944.7264,1.3012,1832.0289,1696.0207,L1_004,L1
81,9.6444,6.4788,0.0467,0.0568,777.4153,520.1808,1.4945,1862,1044,L1_004,L1
119,10.5587,6.3187,0.0467,0.0568,1250.9226,745.1628,1.6787,1994,717,L1_004,L1
329,18.6396,17.7255,0.0934,0.0832,6101.6766,5804.329,1.0512,230.1763,409.9574,L1_005,L1
229,16.5846,18.0209,0.0934,0.0832,3776.4767,4107.7469,0.9194,863.6288,1412.4498,L1_005,L1
81,15.8896,14.9912,0.0934,0.0832,1279.4925,1207.5487,1.0596,894,931,L1_005,L1
224,20.7987,18.3333,0.0934,0.0832,4637.98,4088.0209,1.1345,939.0089,536.3304,L1_005,L1
270,21.261,19.1962,0.0934,0.0832,5715.2291,5160.5167,1.1075,1188.7481,766.9926,L1_005,L1
354,16.4858,17.6589,0.0934,0.0832,5802.8886,6221.811,0.9327,1245.3475,1536.6977,L1_005,L1
225,17.699,16.063,0.0934,0.0832,3961.2483,3595.4671,1.1017,1283.36,571.2356,L1_005,L1
175,8.9145,6.2285,0.0561,0.0522,1550.2337,1080.8478,1.4343,62.4971,265.96,L1_006,L1
162,8.2891,6.4826,0.0561,0.0522,1333.7573,1041.7267,1.2803,98.3148,865.1605,L1_006,L1
153,8.5198,7.633,0.0561,0.0522,1294.9583,1159.853,1.1165,305.817,1072.0065,L1_006,L1
287,9.8453,8.324,0.0561,0.0522,2809.519,2373.9981,1.1835,505.9686,817.4321,L1_006,L1
209,10.3911,6.5382,0.0561,0.0522,2160.0129,1355.5608,1.5934,614.0718,333.4641,L1_006,L1
125,8.5262,6.9625,0.0561,0.0522,1058.7653,863.7852,1.2257,1475,773,L1_006,L1
442,16.0522,12.9728,0.0561,0.0522,7070.2821,5710.8898,1.238,1878.8756,297.8348,L1_006,L1
273,2.6589,2.6835,0.0535,0.0484,711.2752,719.39,0.9887,421.4322,1463.7289,L1_007,L1
127,3.1426,2.0826,0.0535,0.0484,392.3196,258.3418,1.5186,530.0079,434.4567,L1_007,L1
495,7.7732,3.4626,0.0535,0.0484,3821.2652,1690.0211,2.2611,1082.0788,168.198,L1_007,L1
217,2.8938,2.3508,0.0535,0.0484,616.3394,499.6273,1.2336,1079.3088,500.2857,L1_007,L1
202,2.7545,2.6479,0.0535,0.0484,545.5965,525.1043,1.039,1956.5,1086,L1_007,L1
319,4.1759,3.0682,0.0535,0.0484,1315.0539,963.3294,1.3651,2006.3762,162.674,L1_007,L1
536,7.5597,6.5607,0.0485,0.0522,4026.0153,3488.5672,1.1541,800.9422,189.3675,L1_008,L1
218,3.6591,2.6197,0.0485,0.0522,787.1263,559.7217,1.4063,1121.3119,600.3761,L1_008,L1
266,3.7161,4.2243,0.0485,0.0522,975.5757,1109.7909,0.8791,1388.5038,1427.0526,L1_008,L1
353,4.7488,4.8197,0.0485,0.0522,1659.2118,1682.9478,0.9859,1444.8555,1065.6771,L1_008,L1
219,3.7663,5.1614,0.0433,0.052,815.3453,1118.967,0.7287,349.6667,1849.4018,L1_009,L1
92,3.5082,2.607,0.0433,0.052,318.7676,235.0582,1.3561,368,14.5,L1_009,L1
168,3.4614,3.5128,0.0433,0.052,574.2336,581.4228,0.9876,1021.6845,888.6845,L1_009,L1
352,4.8141,4.5434,0.0433,0.052,1679.332,1580.971,1.0622,1160.2045,276.7642,L1_009,L1
297,4.9776,4.8701,0.0433,0.052,1465.4949,1430.9923,1.0241,1249.6667,615.7744,L1_009,L1
393,6.5486,6.5719,0.0433,0.052,2556.5852,2562.3039,0.9978,1717.2545,572.5598,L1_009,L1
99,4.5671,4.199,0.041,0.048,448.0811,410.9437,1.0904,168.3232,1123.3232,L1_011,L1
322,6.92,5.3225,0.041,0.048,2215.0539,1698.3925,1.3042,262.4689,1720.0373,L1_011,L1
311,6.2366,4.9856,0.041,0.048,1926.83,1535.6018,1.2548,900.2219,1751.9968,L1_011,L1
254,5.4086,6.3961,0.041,0.048,1363.3847,1612.4181,0.8456,957.1339,1482.685,L1_011,L1
457,6.6543,6.4602,0.041,0.048,3022.2842,2930.3805,1.0314,1010.3807,367.0088,L1_011,L1
110,4.6356,4.9156,0.041,0.048,505.4113,535.4299,0.9439,1353.7091,548.1909,L1_011,L1
81,6.1612,4.037,0.041,0.048,495.7354,323.1065,1.5343,1612,319,L1_011,L1
337,9.7066,10.7114,0.0341,0.041,3259.632,3595.9291,0.9065,93.5074,959.3561,L3_035,L3
787,16.3227,13.339,0.0341,0.041,12819.1801,10465.4823,1.2249,1255.7814,303.2541,L3_035,L3
284,8.4396,7.7718,0.0341,0.041,2387.1763,2195.5301,1.0873,1668.5035,1634.3063,L3_035,L3
169,6.3776,6.603,0.0341,0.041,1072.0636,1108.9822,0.9667,1855.3373,1374.6331,L3_035,L3
184,6.7809,5.3508,0.0402,0.0451,1240.2897,976.2468,1.2705,497.5,594,L3_036,L3
328,6.5078,4.3505,0.0402,0.0451,2121.3597,1412.1906,1.5022,710.2378,524.9726,L3_036,L3
117,7.7327,4.0614,0.0402,0.0451,900.0209,469.909,1.9153,1233.547,344.5128,L3_036,L3
497,10.825,7.1716,0.0402,0.0451,5360.0189,3541.8935,1.5133,1275.0382,1398.8732,L3_036,L3
187,6.6334,5.8434,0.0402,0.0451,1232.9234,1084.2827,1.1371,1300.5561,1188.4118,L3_036,L3
187,6.456,4.7178,0.0402,0.0451,1199.7582,873.809,1.373,1644.1818,268.5027,L3_036,L3
279,8.9841,5.8258,0.0402,0.0451,2495.339,1612.8311,1.5472,1703.8674,1755.0036,L3_036,L3
290,44.9231,24.3518,0.0192,0.0278,13022.1206,7053.9499,1.8461,432.269,777.4793,L3_037,L3
443,87.1284,39.7697,0.0192,0.0278,38589.3641,17605.6639,2.1919,506.5463,387.6275,L3_037,L3
473,99.4138,56.9626,0.0192,0.0278,47013.6383,26930.1455,1.7458,1113.3404,1495.019,L3_037,L3
103,31.9198,14.926,0.0192,0.0278,3285.7586,1534.5138,2.1412,1329,553,L3_037,L3
317,47.283,29.1463,0.0192,0.0278,14982.6118,9230.5753,1.6232,1774.4858,1819.224,L3_037,L3
416,115.4874,51.7975,0.0231,0.0299,48033.1538,21535.3261,2.2304,331.7043,505.5096,L3_038,L3
398,41.6197,26.3612,0.0231,0.0299,16555.454,10479.8256,1.5797,492.4874,1284.3568,L3_038,L3
380,121.8202,92.8249,0.0231,0.0299,46282.8804,35262.09,1.3125,1328.6842,1114.4079,L3_038,L3
411,84.0221,43.6367,0.0231,0.0299,34523.6027,17922.3639,1.9263,1807.1095,1208.6934,L3_038,L3
233,15.9626,9.8217,0.0348,0.045,3711.187,2277.9809,1.6292,459.9356,670.103,L3_039,L3
303,14.7101,8.1982,0.0348,0.045,4446.6163,2470.4464,1.7999,714.4521,202.835,L3_039,L3
193,13.5298,7.2556,0.0348,0.045,2604.539,1391.6469,1.8716,942.0155,153.4145,L3_039,L3
404,49.7094,27.9631,0.0348,0.045,20068.557,11278.9416,1.7793,1744.8936,1613.3218,L3_039,L3
326,25.1449,14.9458,0.0348,0.045,8185.8899,4857.6695,1.6851,1872.9816,397.865,L3_039,L3
278,10.6977,7.9369,0.0336,0.0464,2964.618,2193.5753,1.3515,237.7086,1375.1043,L3_040,L3
110,11.1387,5.3037,0.0336,0.0464,1221.564,578.3037,2.1123,731.7091,408.1909,L3_040,L3
349,15.148,8.5456,0.0336,0.0464,5274.9103,2966.2477,1.7783,1449.235,1163.6332,L3_040,L3
718,138.5872,56.1108,0.0336,0.0464,99481.4909,40254.2443,2.4713,1841.2075,341.7744,L3_040,L3
304,22.3905,16.0058,0.0421,0.0482,6793.9053,4851.1167,1.4005,340.2895,1648.9671,L3_041,L3
531,21.1106,9.4202,0.0421,0.0482,11187.3737,4976.5112,2.248,1025.6987,873.322,L3_041,L3
315,24.6876,11.2653,0.0421,0.0482,7763.3128,3533.3758,2.1971,1075.0254,596.2381,L3_041,L3
256,13.9037,10.0059,0.0421,0.0482,3548.5537,2549.1789,1.392,1429.9922,1502.2383,L3_041,L3
219,14.3993,10.459,0.0421,0.0482,3144.2132,2279.9734,1.3791,1512.4338,1202.0594,L3_041,L3
157,14.0968,8.4044,0.0421,0.0482,2206.575,1311.9282,1.6819,1743.5159,444.6178,L3_041,L3
245,4.1615,2.2956,0.0387,0.0461,1010.0648,551.1496,1.8327,160.502,769.5306,L3_042,L3
252,4.1831,2.1241,0.0387,0.0461,1044.3892,523.68,1.9943,262.3175,521.3135,L3_042,L3
455,14.6862,7.2427,0.0387,0.0461,6664.5832,3274.4931,2.0353,328.3363,395.6484,L3_042,L3
275,4.5975,2.9829,0.0387,0.0461,1253.6616,807.6407,1.5523,1597.2255,869.2945,L3_042,L3
360,10.3256,5.2972,0.0387,0.0461,3703.2714,1890.4092,1.959,1855.5222,1567.4083,L3_042,L3
253,6.0925,2.8879,0.038,0.0431,1531.7924,719.7186,2.1283,824,827,L3_043,L3
291,4.8838,3.1429,0.038,0.0431,1410.1204,902.0388,1.5633,936.8969,842.6632,L3_043,L3
313,6.6233,3.532,0.038,0.0431,2061.2012,1092.01,1.8875,1195.0671,1089.9968,L3_043,L3
630,33.7767,22.3852,0.038,0.0431,21255.3645,14075.5362,1.5101,1650.5587,1740.446,L3_043,L3
524,10.7904,6.1637,0.0507,0.0517,5627.6348,3202.7145,1.7571,518.1756,1853.5573,L5_084,L5
336,6.6835,4.2639,0.0507,0.0517,2228.6467,1415.3057,1.5747,896.1548,1060.4048,L5_084,L5
153,6.0497,2.707,0.0507,0.0517,917.86,406.2653,2.2593,1425,958,L5_084,L5
99,6.303,2.6775,0.0507,0.0517,618.9868,259.9593,2.3811,1850.6768,668.6768,L5_084,L5
288,10.5675,9.6918,0.0507,0.0517,3028.852,2776.3546,1.0909,1932.7222,1817.0104,L5_084,L5
187,5.7255,2.4757,0.0507,0.0517,1061.2032,453.2913,2.3411,2032.1979,605.1497,L5_084,L5
254,29.6003,24.1946,0.0441,0.0487,7507.2748,6133.0603,1.2241,231.0709,808.7323,L5_085,L5
92,25.4125,10.8011,0.0441,0.0487,2333.8931,989.2227,2.3593,273,598.5,L5_085,L5
373,30.2143,15.3156,0.0441,0.0487,11253.4646,5694.5437,1.9762,308.0724,1251.7319,L5_085,L5
291,28.6137,11.7329,0.0441,0.0487,8313.7356,3400.1078,2.4451,374.2027,966.4021,L5_085,L5
192,22.4892,12.9533,0.0441,0.0487,4309.4524,2477.6787,1.7393,541,569.5,L5_085,L5
498,35.7586,18.8208,0.0441,0.0487,17785.8055,9348.5243,1.9025,1841.988,1611.7631,L5_085,L5
340,19.5641,10.8461,0.0749,0.0465,6626.317,3671.8575,1.8046,326.6529,1853.1794,L5_086,L5
440,66.9642,34.0998,0.0749,0.0465,29431.2533,14983.4532,1.9643,424.75,1790.5045,L5_086,L5
433,144.5233,51.2321,0.0749,0.0465,62546.1291,22163.3388,2.8221,1251.3326,271.0462,L5_086,L5
371,14.909,5.9726,0.0749,0.0465,5503.4311,2198.5594,2.5032,1271.4259,787.8571,L5_086,L5
180,5.4093,2.6398,0.1167,0.0622,952.6708,463.9719,2.0533,192.3278,1191.0556,L5_087,L5
282,7.3578,3.0283,0.1167,0.0622,2041.9918,836.4333,2.4413,717.0603,964.5106,L5_087,L5
509,39.6979,12.2778,0.1167,0.0622,20146.8239,6217.7433,3.2402,1058.6621,219.8369,L5_087,L5
459,8.0252,2.8968,0.1167,0.0622,3630.0088,1301.09,2.79,1790.2288,519.7364,L5_087,L5
443,94.2323,51.8965,0.033,0.0328,41730.2681,22975.6231,1.8163,1329.8488,1655.5869,L5_088,L5
479,59.0942,26.2203,0.033,0.0328,28290.3117,12543.8167,2.2553,1347.8372,1348.3549,L5_088,L5
537,37.097,12.9795,0.033,0.0328,19903.3378,6952.4159,2.8628,1433.9739,365.7393,L5_088,L5
353,101.1171,50.1186,0.0383,0.041,35680.8395,17677.4001,2.0184,192.3711,1599.9348,L5_089,L5
175,22.4853,9.0073,0.0383,0.041,3928.2395,1569.0941,2.5035,597.8457,484.7086,L5_089,L5
434,25.4759,12.2089,0.0383,0.041,11039.9124,5280.8365,2.0906,748.3226,1710.2235,L5_089,L5
240,26.1521,11.9126,0.0383,0.041,6267.3212,2849.183,2.1997,965.1583,1321.2125,L5_089,L5
469,53.8071,22.3265,0.0383,0.041,25217.5866,10451.8833,2.4127,1616.1173,1033.6183,L5_089,L5
135,39.712,17.6791,0.0291,0.031,5357.1912,2382.4905,2.2486,253.1852,1223.3704,L5_090,L5
310,55.7038,30.6234,0.0291,0.031,17259.1747,9483.6406,1.8199,1103.2387,1412.0323,L5_090,L5
287,89.4273,45.4199,0.0291,0.031,25657.275,13026.5989,1.9696,1271.6132,1530.122,L5_090,L5
626,58.3403,21.7068,0.0291,0.031,36502.8051,13569.053,2.6902,1532.3355,739.2796,L5_090,L5
294,130.3762,40.7535,0.0291,0.031,38322.039,11972.4142,3.2009,1519.3333,97.4524,L5_090,L5
327,85.7089,41.5148,0.0314,0.0398,28016.5561,13562.3176,2.0658,269.4648,1782.2691,L5_091,L5
467,90.6924,39.2136,0.0314,0.0398,42338.6985,18294.1344,2.3143,1042.985,1321.4754,L5_091,L5
420,192.7914,70.7677,0.0314,0.0398,80959.2064,29705.7159,2.7254,1548.5405,507.0071,L5_091,L5
397,138.5109,59.7942,0.0314,0.0398,54976.381,23722.4913,2.3175,1620.1209,1321.7431,L5_091,L5
228,72.7146,40.7055,0.0448,0.0449,16568.7,9270.6076,1.7872,51.1798,1121.2675,L7_106,L7
305,187.961,58.1425,0.0448,0.0449,57314.422,17719.7545,3.2345,627.3607,285.8623,L7_106,L7
271,78.3118,31.4966,0.0448,0.0449,21210.3324,8523.4012,2.4885,1004.4502,1030.428,L7_106,L7
449,86.1603,40.7521,0.0448,0.0449,38665.8224,18277.5151,2.1155,1151.9777,1940.4655,L7_106,L7
375,237.1761,83.375,0.0448,0.0449,88924.2232,31248.763,2.8457,1327.872,697.416,L7_106,L7
81,178.3733,59.8999,0.0343,0.0334,14445.4592,4849.1864,2.9789,335,321,L7_107,L7
286,266.4136,115.7464,0.0343,0.0334,76184.4851,33093.9301,2.3021,418.8706,1354.5804,L7_107,L7
326,230.178,86.5057,0.0343,0.0334,75026.8578,28189.9864,2.6615,821.184,874.9141,L7_107,L7
267,180.5071,60.0682,0.0343,0.0334,48186.24,16029.3048,3.0061,1043.3858,424.9663,L7_107,L7
374,212.0886,74.317,0.0343,0.0334,79308.3013,27782.0697,2.8547,1111.0294,642.4385,L7_107,L7
272,221.2339,100.4148,0.0343,0.0334,60166.2932,27303.731,2.2036,1314.739,1663.7279,L7_107,L7
209,182.2519,58.8364,0.0343,0.0334,38083.4804,12289.8266,3.0988,1688.1627,276.9522,L7_107,L7
271,227.2045,91.6947,0.0424,0.0408,61560.9323,24838.1977,2.4785,436.8376,1263.5129,L7_108,L7
197,90.1177,30.7661,0.0424,0.0408,17744.8286,6052.8781,2.9316,577.3909,550.1472,L7_108,L7
92,67.5778,35.151,0.0424,0.0408,6213.2612,3230.1323,1.9235,587.5,1969,L7_108,L7
233,86.4683,27.5552,0.0424,0.0408,20137.2465,6410.8394,3.1411,967.7682,265.2489,L7_108,L7
287,91.7607,30.3984,0.0424,0.0408,26323.1535,8712.6175,3.0213,1190.2857,399.3589,L7_108,L7
110,57.8061,26.7357,0.0424,0.0408,6354.0139,2936.4371,2.1639,1603.7091,1670.1909,L7_108,L7
416,81.0614,34.786,0.0424,0.0408,33703.9155,14453.9846,2.3318,1716.4784,1409.0144,L7_108,L7
337,129.7575,51.4051,0.0377,0.0419,43715.578,17309.4005,2.5255,333.1335,995.1395,L7_109,L7
153,62.2161,29.9488,0.0377,0.0419,9513.3058,4575.7654,2.0791,373.6601,1739.2222,L7_109,L7
276,124.1954,43.2119,0.0377,0.0419,34267.5326,11914.9376,2.876,654.6304,401.1413,L7_109,L7
303,146.9646,50.9596,0.0377,0.0419,44518.862,15428.0633,2.8856,1277.8185,371.1782,L7_109,L7
463,233.6924,96.1172,0.0377,0.0419,108182.1402,44482.8892,2.432,1280.9719,748.3564,L7_109,L7
92,75.7248,24.3839,0.0377,0.0419,6963.2177,2239.4666,3.1093,1674.5,297,L7_109,L7
444,89.4058,32.7417,0.0437,0.0405,39676.7838,14519.3311,2.7327,931.8941,901.6622,L7_110,L7
384,113.2764,51.0792,0.0437,0.0405,43481.3527,19598.8701,2.2186,941,1670.8516,L7_110,L7
325,106.4129,49.1916,0.0437,0.0405,34569.9911,15974.1293,2.1641,1035.0523,1791.9385,L7_110,L7
447,96.0414,32.193,0.0437,0.0405,42910.9789,14372.1682,2.9857,1059.6242,445.2125,L7_110,L7
218,87.268,26.2739,0.0385,0.0407,19016.0377,5718.8571,3.3251,485.0275,54.2156,L7_111,L7
267,88.8049,41.8846,0.0385,0.0407,23700.6407,11172.3372,2.1214,579.3521,1700.3633,L7_111,L7
374,124.1481,43.0445,0.0385,0.0407,46416.9974,16083.4453,2.886,614.5,612,L7_111,L7
473,177.4418,88.3275,0.0385,0.0407,83911.7666,41759.6585,2.0094,1118.7632,1882.6448,L7_111,L7
322,110.6343,41.6544,0.0385,0.0407,35611.8696,13399.6233,2.6577,1299.8137,857.8727,L7_111,L7
333,81.3226,29.503,0.0267,0.0316,27071.5482,9813.9828,2.7585,228.6607,894.1291,L8_001,L8
292,67.8648,24.831,0.0267,0.0316,19808.7404,7241.4281,2.7355,501.1644,939.1438,L8_001,L8
166,39.8765,13.3894,0.0267,0.0316,6615.0722,2217.3957,2.9833,613.2651,532.3133,L8_001,L8
228,43.4258,14.4248,0.0267,0.0316,9894.9957,3281.6436,3.0153,1168.5,493.5,L8_001,L8
303,63.6719,26.0575,0.0267,0.0316,19284.5207,7885.839,2.4455,1472.9835,1093.4719,L8_001,L8
330,84.8131,30.8385,0.0267,0.0316,27979.5157,10166.2914,2.7522,1904.9212,808.3727,L8_001,L8
350,106.8517,42.1211,0.0236,0.028,37389.8101,14732.5857,2.5379,152.7743,1181.7914,L8_002,L8
191,75.9836,32.0653,0.0236,0.028,14508.3478,6119.1282,2.371,397.0262,1420,L8_002,L8
170,72.1776,30.4615,0.0236,0.028,12266.1824,5173.7031,2.3709,548,1534.5,L8_002,L8
114,77.4035,27.9669,0.0236,0.028,8821.31,3185.0312,2.7696,1077.5,911,L8_002,L8
234,100.1043,30.2587,0.0236,0.028,23418.8788,7073.9892,3.3106,1157.2991,259.8803,L8_002,L8
343,94.4245,37.1297,0.0236,0.028,32379.4914,12725.8903,2.5444,1271,1294,L8_002,L8
174,81.9546,29.8491,0.0236,0.028,14255.9897,5188.8684,2.7474,1716.5,950.5,L8_002,L8
212,77.1037,29.4657,0.0236,0.028,16340.9643,6240.786,2.6184,1889.4953,1056.5142,L8_002,L8
144,76.7129,31.4364,0.0518,0.0442,11039.1957,4520.4787,2.442,274.5,1361.5,L8_003,L8
378,79.2177,36.2024,0.0518,0.0442,29924.729,13667.7884,2.1894,324.5899,1764.2249,L8_003,L8
294,83.4884,34.9993,0.0518,0.0442,24530.3592,10276.8114,2.387,614.3333,1405.415,L8_003,L8
334,134.4511,48.0989,0.0518,0.0442,44889.3632,16050.2818,2.7968,646.0898,897.2066,L8_003,L8
124,72.0929,33.174,0.0518,0.0442,8933.1015,4108.094,2.1745,1542.8387,534.8387,L8_003,L8
266,120.16,42.4095,0.0518,0.0442,31948.7982,11269.1582,2.8351,1586.4398,746.9361,L8_003,L8
259,123.1042,41.0566,0.0518,0.0442,31870.5651,10622.2217,3.0004,1787.9112,416.251,L8_003,L8
391,69.9549,41.5728,0.0429,0.0427,27335.6068,16238.2699,1.6834,587.9949,1675.2123,L8_154,L8
268,47.0338,17.202,0.0429,0.0427,12593.5685,4598.6926,2.7385,673.7052,473.6418,L8_154,L8
358,39.3916,14.4324,0.0429,0.0427,14086.8303,5151.4948,2.7345,1042.5615,500.0391,L8_154,L8
341,46.3536,16.5321,0.0429,0.0427,15791.9668,5622.862,2.8085,1590.5396,224.9765,L8_154,L8
335,48.8073,20.7365,0.0429,0.0427,16336.0785,6932.4119,2.3565,1734.2507,457.7134,L8_154,L8
224,25.8196,11.9404,0.0424,0.0421,5774.0753,2665.2278,2.1664,76.9732,1148.5536,L8_155,L8
245,25.8245,21.7456,0.0424,0.0421,6316.599,5317.3488,1.1879,850.3347,1147.7878,L8_155,L8
356,111.4921,37.8861,0.0424,0.0421,39676.0644,13472.4498,2.945,1496.0169,488.8483,L8_155,L8
740,138.9558,62.8724,0.0424,0.0421,102795.9102,46494.4146,2.2109,1675.3554,1499.6324,L8_155,L8
393,96.5493,35.6846,0.0895,0.0625,37908.732,13999.4733,2.7079,427.5649,378.5776,L8_156,L8
110,32.2001,29.7788,0.0895,0.0625,3532.1727,3268.7904,1.0806,652.2909,1760.1909,L8_156,L8
395,39.1334,29.1642,0.0895,0.0625,15422.3431,11495.1562,1.3416,1486.5772,1029.9443,L8_156,L8
268,40.3126,19.7553,0.0895,0.0625,10779.8045,5277.6563,2.0425,1602.9851,1609.2313,L8_156,L8
208,38.9013,16.5588,0.0895,0.0625,8072.8567,3431.2189,2.3528,1823.7356,1191.8029,L8_156,L8
498,79.9806,41.6687,0.038,0.0389,39811.417,20731.6292,1.9203,249.7129,584.1285,L8_157,L8
288,91.0246,28.6002,0.038,0.0389,26204.1643,8225.6478,3.1857,600.3785,280.9826,L8_157,L8
81,62.4599,48.5857,0.038,0.0389,5056.1742,3932.2884,1.2858,935,1559,L8_157,L8
189,92.0734,42.7168,0.038,0.0389,17394.7064,8066.1301,2.1565,1015.2011,1591.5608,L8_157,L8
359,118.8191,36.4132,0.038,0.0389,42642.4145,13058.361,3.2655,1032.9666,167.0557,L8_157,L8
300,190.9611,66.9314,0.0239,0.035,57281.1644,20068.9389,2.8542,234.9433,537.57,L8_158,L8
222,129.6836,43.6598,0.0239,0.035,28784.4455,9684.7156,2.9722,382.5541,546.5631,L8_158,L8
292,180.5396,59.5531,0.0239,0.035,52710.5918,17379.3086,3.033,721.0377,372,L8_158,L8
436,163.8485,75.4744,0.0239,0.035,71427.5435,32891.5848,2.1716,1373.0344,1713.5573,L8_158,L8
426,146.947,61.6525,0.0239,0.035,62589.2553,26249.0902,2.3844,1771.6479,1224.9249,L8_158,L8
233,73.3373,30.496,0.0382,0.0425,17078.6799,7095.6749,2.4069,176.3348,1093.9099,L8_159,L8
331,98.1687,32.0517,0.0382,0.0425,32481.2064,10595.033,3.0657,469.0363,298.4502,L8_159,L8
475,90.0997,35.4358,0.0382,0.0425,42779.2137,16811.8241,2.5446,796.1053,872.0463,L8_159,L8
113,65.9062,49.8808,0.0382,0.0425,7443.0837,5631.7223,1.3216,803.1858,1736.1858,L8_159,L8
256,85.9551,49.3133,0.0382,0.0425,21994.7194,12613.3342,1.7438,968.7734,1319.2773,L8_159,L8
269,80.8455,36.7557,0.0382,0.0425,21737.1713,9875.8448,2.201,1915.8885,1255.342,L8_159,L8
402,28.1866,15.1423,0.0457,0.0521,11312.6762,6066.2516,1.8649,493.7015,1361.6841,L8_161,L8
370,41.0807,21.8212,0.0457,0.0521,15182.9581,8054.5474,1.885,945.1946,655.4838,L8_161,L8
413,36.6105,22.9543,0.0457,0.0521,15101.2604,9458.575,1.5966,1049.1332,1514.7094,L8_161,L8
333,22.0383,19.2669,0.0457,0.0521,7323.5551,6398.531,1.1446,1239.3453,1548.8258,L8_161,L8
249,27.3815,19.5685,0.112,0.1047,6790.0959,4846.4677,1.401,306.8394,1264.4096,R1_017,R1
607,25.647,18.5017,0.112,0.1047,15499.7693,11166.9666,1.388,336.1203,1313.6573,R1_017,R1
92,20.321,12.3284,0.112,0.1047,1859.2316,1124.5817,1.6533,876,148.5,R1_017,R1
119,22.2941,12.726,0.112,0.1047,2639.6641,1501.9351,1.7575,1806,1308,R1_017,R1
283,41.0853,17.7344,0.112,0.1047,11595.4313,4989.1897,2.3241,1887.5088,376.0283,R1_017,R1
333,28.8921,16.6967,0.112,0.1047,9583.7839,5525.1382,1.7346,1920.8919,580.2132,R1_017,R1
92,19.0992,13.3841,0.0404,0.0472,1753.4161,1226.9872,1.429,235,1320.5,R1_018,R1
342,81.3359,51.6131,0.0404,0.0472,27803.0523,17635.5378,1.5765,357.962,900.7924,R1_018,R1
99,18.8729,11.8482,0.0404,0.0472,1864.4166,1168.297,1.5958,476.6768,1280.3232,R1_018,R1
458,28.2194,17.7454,0.0404,0.0472,12906.0005,8105.7479,1.5922,811.6943,417.7424,R1_018,R1
342,31.5178,20.8626,0.0404,0.0472,10765.2659,7118.8669,1.5122,883.1608,1008.3801,R1_018,R1
381,42.6894,28.1821,0.0404,0.0472,16249.289,10719.3966,1.5159,1433.6929,806.294,R1_018,R1
583,33.6519,17.6182,0.0331,0.0432,19599.7304,10246.229,1.9129,525.8937,374.7719,R1_019,R1
456,60.5605,33.6278,0.0331,0.0432,27600.4701,15314.5565,1.8022,1205.4605,516.3925,R1_019,R1
357,27.3639,17.2247,0.0331,0.0432,9757.0794,6133.8006,1.5907,1615.7227,1057.042,R1_019,R1
227,18.4568,9.1056,0.0331,0.0432,4182.1788,2057.1662,2.033,1984.9736,233.6564,R1_019,R1
277,23.1051,12.7948,0.0343,0.0464,6390.5947,3531.2942,1.8097,831.787,887.6462,R1_020,R1
378,40.2191,21.8459,0.0343,0.0464,15189.8532,8240.1894,1.8434,1261.3333,623.1825,R1_020,R1
226,18.1257,12.6994,0.0343,0.0464,4088.6491,2859.5875,1.4298,1339.9646,1914.5487,R1_020,R1
442,65.8162,39.855,0.0343,0.0464,29075.5974,17595.4185,1.6525,1461.6652,866.2285,R1_020,R1
152,16.8577,8.9467,0.0343,0.0464,2557.1512,1352.8407,1.8902,1485.1382,315.3026,R1_020,R1
271,12.6549,8.3811,0.0387,0.0465,3418.9769,2258.6711,1.5137,512.5055,1691.2214,R1_021,R1
187,11.8325,8.3902,0.0387,0.0465,2205.4429,1560.2718,1.4135,705.2353,1532.8289,R1_021,R1
143,11.2476,8.1161,0.0387,0.0465,1602.8694,1153.951,1.389,894.979,1774.0839,R1_021,R1
283,19.1947,9.8298,0.0387,0.0465,5421.1371,2768.6871,1.958,1012.5724,1459.5689,R1_021,R1
295,20.0306,10.9308,0.0387,0.0465,5897.6091,3210.8543,1.8368,1082.5085,739.9729,R1_021,R1
391,23.2991,12.3892,0.0387,0.0465,9094.8114,4826.0032,1.8845,1489.2276,207.4399,R1_021,R1
163,11.5209,7.9007,0.0387,0.0465,1871.6004,1280.2269,1.4619,1535.4847,1943.5399,R1_021,R1
114,11.4734,8.7606,0.0387,0.0465,1303.5577,993.4028,1.3122,1781,1669.5,R1_021,R1
526,48.3594,30.4804,0.0303,0.039,25421.0964,16012.2065,1.5876,409.7186,1148.9106,R1_022,R1
375,48.5529,27.8316,0.0303,0.039,18195.9438,10422.2304,1.7459,491.544,678.952,R1_022,R1
289,32.2208,19.7878,0.0303,0.039,9303.0385,5707.4117,1.63,1488.2907,873.2076,R1_022,R1
429,39.4685,21.5783,0.0303,0.039,16918.9639,9240.3851,1.831,1663.0256,560.2028,R1_022,R1
436,14.0013,9.0338,0.0417,0.0498,6086.3774,3917.0238,1.5538,469.1261,917.3486,R2_029,R2
318,11.6529,12.0492,0.0417,0.0498,3692.3473,3815.8189,0.9676,819.3994,1966.9434,R2_029,R2
188,10.0089,6.6066,0.0417,0.0498,1873.8319,1232.6717,1.5201,871.4415,985.8936,R2_029,R2
128,9.1929,8.1977,0.0417,0.0498,1171.3539,1042.9271,1.1231,939.5,1657.5,R2_029,R2
251,10.4056,7.4299,0.0417,0.0498,2601.3357,1852.4081,1.4043,980.9801,461.5179,R2_029,R2
158,11.7168,6.3184,0.0417,0.0498,1844.661,990.443,1.8625,1140.5759,1114.519,R2_029,R2
282,18.5767,12.8422,0.0576,0.0681,5222.377,3602.2789,1.4497,169.7092,609.3652,R2_030,R2
355,27.2912,20.4656,0.0576,0.0681,9667.9336,7241.0927,1.3351,272.2648,293.9944,R2_030,R2
217,21.6316,12.5521,0.0576,0.0681,4681.5633,2709.0185,1.7281,666.1198,359.1521,R2_030,R2
206,20.5174,13.8961,0.0576,0.0681,4214.7182,2848.5584,1.4796,955.8204,1184.1796,R2_030,R2
159,23.6554,10.6386,0.0576,0.0681,3752.049,1680.711,2.2324,1330.6415,1145.7799,R2_030,R2
201,23.6111,10.7398,0.0576,0.0681,4734.2641,2145.0035,2.2071,1343.5572,1172.0547,R2_030,R2
269,19.9914,10.9047,0.0576,0.0681,5362.2045,2915.0528,1.8395,1790.9405,1355.5651,R2_030,R2
325,30.8319,14.1502,0.0433,0.0546,10006.2821,4581.0743,2.1843,266.7508,1374.9323,R2_031,R2
178,15.3426,11.5134,0.0433,0.0546,2723.2674,2039.6718,1.3351,457.1348,800.9831,R2_031,R2
151,14.5382,8.5059,0.0433,0.0546,2188.7255,1276.1425,1.7151,754.0132,956.1589,R2_031,R2
479,19.3289,15.3486,0.0433,0.0546,9237.8215,7325.8409,1.261,1361.4906,1216.0418,R2_031,R2
249,21.3834,9.6741,0.0433,0.0546,5313.6944,2395.2474,2.2184,1370.3213,693.8876,R2_031,R2
81,13.3855,9.3239,0.0433,0.0546,1080.7159,750.8149,1.4394,1574,885,R2_031,R2
675,39.425,19.1087,0.0362,0.0426,26587.4107,12869.6238,2.0659,268.4148,672.5659,R2_032,R2
180,20.6237,8.4759,0.0362,0.0426,3705.7529,1517.9956,2.4412,551.0944,963.0389,R2_032,R2
350,27.1822,11.7459,0.0362,0.0426,9501.0969,4096.1415,2.3195,904.6943,549.7714,R2_032,R2
230,25.2196,10.8859,0.0362,0.0426,5792.1764,2493.9458,2.3225,913.5,304,R2_032,R2
269,24.6606,9.9591,0.0362,0.0426,6623.9542,2667.5182,2.4832,1591.0446,252.3941,R2_032,R2
136,51.4727,21.7351,0.023,0.0344,6997.1701,2951.2967,2.3709,304.8015,666.8088,R2_033,R2
387,55.8498,36.3628,0.023,0.0344,21604.9827,14059.0796,1.5367,412.2972,1975.6977,R2_033,R2
222,46.8898,28.5315,0.023,0.0344,10404.4412,6326.3606,1.6446,471.3874,1806.0315,R2_033,R2
116,41.9307,24.8449,0.023,0.0344,4861.2954,2878.0162,1.6891,536.5,1764,R2_033,R2
116,43.0711,24.6601,0.023,0.0344,4993.5876,2856.5784,1.7481,1023.5,1777.5,R2_033,R2
103,44.0961,25.8846,0.023,0.0344,4539.5294,2662.5692,1.7049,1028,1793,R2_033,R2
214,42.8155,22.7271,0.023,0.0344,9157.6051,4856.2502,1.8857,1544.1262,1271.5327,R2_033,R2
419,62.0027,26.5139,0.023,0.0344,25969.4975,11094.9341,2.3407,1754.4726,691.7208,R2_033,R2
229,62.5431,26.7347,0.0176,0.032,14318.3504,6114.936,2.3415,840.4105,670.131,R2_034,R2
586,73.5783,32.3757,0.0176,0.032,43106.5653,18953.4515,2.2743,903.1724,672.4352,R2_034,R2
450,193.2798,84.9943,0.0176,0.032,86968.0004,38233.0759,2.2747,1546.4867,311.6978,R2_034,R2
399,85.6167,47.7624,0.0176,0.032,34154.055,19044.4299,1.7934,1584.9373,1404.0476,R2_034,R2
277,9.1247,7.3008,0.0666,0.068,2509.0986,2003.4825,1.2524,534.1444,1250.2924,R3_052,R3
81,6.4011,4.0881,0.0666,0.068,513.0915,325.6296,1.5757,547,1647,R3_052,R3
337,9.4411,6.3996,0.0666,0.068,3159.196,2133.7473,1.4806,642.7092,378.1691,R3_052,R3
386,12.666,6.4202,0.0666,0.068,4863.3839,2451.9344,1.9835,1241.1192,1218.0777,R3_052,R3
299,10.0909,6.5032,0.0666,0.068,2997.2578,1924.1346,1.5577,1426.7926,1040.3579,R3_052,R3
221,7.6694,7.1739,0.0666,0.068,1680.2228,1570.3995,1.0699,1593.6471,1507.6697,R3_052,R3
245,15.8481,7.8585,0.0392,0.0457,3873.1704,1914.1488,2.0234,249.5306,753.5184,R3_053,R3
319,16.3388,12.1617,0.0392,0.0457,5199.5876,3865.0056,1.3453,530.8401,765.5517,R3_053,R3
176,13.9516,6.4025,0.0392,0.0457,2448.5834,1118.7959,2.1886,980.5398,1820.4545,R3_053,R3
416,14.1018,8.7329,0.0392,0.0457,5850.0471,3613.8883,1.6188,1081.6971,492.7837,R3_053,R3
273,18.8043,9.2114,0.0392,0.0457,5122.8707,2502.242,2.0473,1682.0183,1370.4725,R3_053,R3
268,17.4238,10.0865,0.0392,0.0457,4659.0689,2690.9455,1.7314,2015.9739,279.7649,R3_053,R3
255,5.0724,3.6515,0.0476,0.0543,1281.3304,917.2988,1.3969,234.7843,406.5059,R3_054,R3
293,6.0491,2.7356,0.0476,0.0543,1758.4397,785.6353,2.2382,328,139.2218,R3_054,R3
114,5.4958,2.1078,0.0476,0.0543,621.1011,234.1071,2.6531,418,180.5,R3_054,R3
282,10.9041,5.0294,0.0476,0.0543,3061.5309,1402.9836,2.1822,608.1489,422.8298,R3_054,R3
174,3.8551,2.2462,0.0476,0.0543,662.5176,381.4055,1.737,1348.1839,1105.5,R3_054,R3
216,4.137,3.3656,0.0476,0.0543,883.3187,715.2484,1.235,1491.5,1696,R3_054,R3
350,6.8394,3.763,0.0476,0.0543,2377.1271,1298.0548,1.8313,1892.4457,886.5914,R3_054,R3
285,26.6524,15.3692,0.0291,0.0372,7587.6321,4369.6068,1.7365,398.6737,1809.7439,R3_055,R3
250,21.9079,10.8263,0.0291,0.0372,5469.7072,2697.2731,2.0279,626.452,1181.224,R3_055,R3
541,84.8039,35.3815,0.0291,0.0372,45863.1654,19121.2456,2.3985,820.0869,723.1867,R3_055,R3
533,41.3045,15.1966,0.0291,0.0372,21999.8193,8079.9287,2.7228,1243.9606,638.9794,R3_055,R3
402,132.8697,60.1786,0.0235,0.0373,53404.1601,24176.8044,2.2089,454.51,440.4428,R3_056,R3
406,51.265,23.9094,0.0235,0.0373,20804.0488,9692.0717,2.1465,592.8153,895.2734,R3_056,R3
470,148.9783,64.631,0.0235,0.0373,70008.735,30359.0511,2.306,1283.2149,340.834,R3_056,R3
329,25.8716,11.4266,0.0235,0.0373,8504.011,3747.0885,2.2695,1464.1398,1016.0942,R3_056,R3
503,76.2892,46.172,0.0333,0.0403,38356.7111,23204.2553,1.653,1365.5408,872.6183,R3_057,R3
335,68.3815,44.0746,0.0333,0.0403,22896.6572,14751.4721,1.5522,1643.3284,1871.0239,R3_057,R3
337,55.9765,36.9164,0.0333,0.0403,18852.8632,12427.2264,1.5171,1767.181,1016.549,R3_057,R3
559,75.7712,45.6709,0.0333,0.0403,42337.4978,25507.482,1.6598,1911.1395,1200.6941,R3_057,R3
153,7.7635,3.9011,0.0371,0.0526,1182.1338,588.8163,2.0076,241.183,382.9935,R3_058,R3
511,15.4565,11.7197,0.0371,0.0526,7879.2974,5961.8871,1.3216,310.9335,943.7417,R3_058,R3
327,9.2364,8.5699,0.0371,0.0526,3008.1455,2785.1758,1.0801,554.1223,1511.7156,R3_058,R3
358,11.3328,10.2492,0.0371,0.0526,4043.8405,3650.3989,1.1078,1930.2821,866.648,R3_058,R3
136,5.7902,3.9818,0.0371,0.0526,782.4095,534.3688,1.4642,1995.5,674,R3_058,R3
153,6.3515,3.7709,0.0371,0.0526,966.0908,568.9082,1.6981,2003.0196,519.5359,R3_058,R3
350,19.0407,16.6425,0.0363,0.0429,6651.5508,5809.8691,1.1449,472.2514,695.4971,R3_059,R3
366,15.7748,16.7002,0.0363,0.0429,5760.2978,6096.5623,0.9448,757.7541,995.194,R3_059,R3
214,5.7409,4.0896,0.0363,0.0429,1220.7885,865.9923,1.4097,1338.2523,559.7991,R3_059,R3
92,5.7244,5.9868,0.0363,0.0429,523.3065,546.8423,0.957,1733.5,1906,R3_059,R3
261,8.2979,5.2218,0.0363,0.0429,2156.2919,1351.7036,1.5952,1776.7625,872.5096,R3_059,R3
195,4.9792,3.964,0.0363,0.0429,963.8731,764.6119,1.2606,1973.8974,1314.9436,R3_059,R3
410,12.537,10.3649,0.0463,0.0556,5121.2158,4226.7795,1.2116,262.4878,705.4756,R3_060,R3
348,10.7912,11.5471,0.0463,0.0556,3739.229,3999.0246,0.935,353.569,1812.0833,R3_060,R3
105,6.4626,4.3451,0.0463,0.0556,673.7185,450.3918,1.4958,486.9905,1850.5524,R3_060,R3
140,5.5223,4.4905,0.0463,0.0556,766.6464,620.8811,1.2348,658.7071,1912.3286,R3_060,R3
142,5.458,4.3736,0.0463,0.0556,768.4629,613.1489,1.2533,743.5,1365,R3_060,R3
211,5.9351,6.0035,0.0463,0.0556,1242.5451,1254.9898,0.9901,782.9905,1832.0711,R3_060,R3
132,6.3949,4.2115,0.0463,0.0556,838.0144,548.5719,1.5276,866,294.1591,R3_060,R3
158,7.0378,4.4886,0.0463,0.0556,1104.6566,700.4047,1.5772,973.8734,313.8418,R3_060,R3
116,5.2187,4.2151,0.0463,0.0556,600.0069,482.5016,1.2435,1303.5,897,R3_060,R3
226,16.0064,9.5373,0.0446,0.0511,3607.3702,2143.8912,1.6826,333.2611,291.9027,R4_061,R4
158,16.2696,9.39,0.0446,0.0511,2563.5545,1475.5462,1.7374,938.9557,953,R4_061,R4
181,17.0368,9.3763,0.0446,0.0511,3075.5963,1687.8711,1.8222,1169.7514,1101.4309,R4_061,R4
450,25.7597,17.3216,0.0446,0.0511,11571.8067,7771.7114,1.489,1417.2867,1575.0022,R4_061,R4
197,16.6567,13.8571,0.0446,0.0511,3272.5923,2719.781,1.2033,1512.4619,855.3401,R4_061,R4
408,22.4969,15.9533,0.0446,0.0511,9160.5404,6488.0881,1.4119,1797.2549,1812.1397,R4_061,R4
277,11.5382,6.357,0.0413,0.047,3184.6282,1747.872,1.822,384.5199,1856.9567,R4_062,R4
475,16.7611,8.6318,0.0413,0.047,7941.8958,4077.8007,1.9476,532.8821,1062.4716,R4_062,R4
341,20.8022,13.3445,0.0413,0.047,7079.4664,4534.4495,1.5613,1128.0674,615.6979,R4_062,R4
333,13.7789,5.9495,0.0413,0.047,4574.6095,1965.5253,2.3274,1281.9189,871.6607,R4_062,R4
306,13.1842,9.1678,0.0413,0.047,4021.721,2790.9755,1.441,1493.9706,379.6471,R4_062,R4
128,55.9984,24.3017,0.0222,0.0388,7164.9496,3105.6491,2.3071,378.5,593,R4_063,R4
336,67.1248,33.6432,0.0222,0.0388,22546.4628,11291.0481,1.9968,908.7262,1795.631,R4_063,R4
621,92.4659,34.2908,0.0222,0.0388,57407.5207,21270.4639,2.6989,1055.6023,633.496,R4_063,R4
308,68.3681,34.1923,0.0222,0.0388,21050.5354,10519.2575,2.0011,1332.8084,1751.0455,R4_063,R4
118,59.6355,24.7019,0.0222,0.0388,7034.3634,2910.244,2.4171,1481.0932,921.5169,R4_063,R4
223,63.0409,27.1833,0.0222,0.0388,14053.1734,6053.2238,2.3216,1844.5202,1023.9686,R4_063,R4
229,10.1174,4.9793,0.0249,0.0315,2311.1809,1133.0529,2.0398,657.4672,1207.7074,R4_064,R4
698,223.556,89.0574,0.0249,0.0315,156024.672,62140.0548,2.5109,747.1103,830.7722,R4_064,R4
507,136.6269,51.8297,0.0249,0.0315,69257.2174,26261.7122,2.6372,1759.2722,716.8343,R4_064,R4
478,126.9418,57.3675,0.009,0.0259,60673.908,27409.2513,2.2136,842.0146,1445.1695,R4_065,R4
456,133.52,45.9682,0.009,0.0259,60881.045,20949.6797,2.9061,1170.5088,401.7368,R4_065,R4
608,174.409,79.7584,0.009,0.0259,106035.247,48477.3725,2.1873,1836.176,1438.3832,R4_065,R4
336,53.7909,17.7332,0.0246,0.0364,18065.4835,5946.1192,3.0382,422.4167,301.4583,R4_066,R4
467,90.9756,37.7476,0.0246,0.0364,42474.1092,17611.1346,2.4118,1101.8287,1122.9807,R4_066,R4
421,48.6757,21.0731,0.0246,0.0364,20482.0828,8856.4377,2.3127,1680.5558,1070.1045,R4_066,R4
346,74.6411,28.4674,0.0246,0.0364,25817.3046,9837.116,2.6245,1779.1503,796.789,R4_066,R4
348,205.8398,77.0042,0.0128,0.0252,71627.7794,26788.6652,2.6738,733.6609,615.4511,R4_067,R4
158,111.7728,47.667,0.0128,0.0252,17658.0813,7527.4018,2.3458,863,1174.5,R4_067,R4
117,104.6515,45.9392,0.0128,0.0252,12242.7229,5371.9302,2.279,872.453,1210.5128,R4_067,R4
490,210.9032,85.6619,0.0128,0.0252,103336.3159,41961.9663,2.4626,1045.5327,819.9408,R4_067,R4
325,183.8253,64.5718,0.0128,0.0252,59739.0532,20977.641,2.8477,1277.6431,348.6923,R4_067,R4
81,109.6517,59.9181,0.0128,0.0252,8880.7501,4851.325,1.8306,1909,1966,R4_067,R4
184,109.0543,34.2448,0.0201,0.0338,20062.3011,6294.8243,3.1871,508.9837,212.6359,R5_092,R5
227,111.4832,35.428,0.0201,0.0338,25302.1229,8034.483,3.1492,697.5683,288.0396,R5_092,R5
414,108.8647,36.1873,0.0201,0.0338,45061.6773,14967.5272,3.0106,1034.0072,428.4469,R5_092,R5
459,191.4107,73.3854,0.0201,0.0338,87848.3005,33668.347,2.6092,1057.3355,877.8889,R5_092,R5
336,199.2847,85.0752,0.0201,0.0338,66952.9052,28573.8853,2.3432,1347.8839,1231.1548,R5_092,R5
475,224.4158,95.6563,0.0151,0.0263,106590.3689,45424.2468,2.3466,502.68,1091.0442,R5_093,R5
387,301.7464,98.7562,0.0151,0.0263,116770.0358,38208.4706,3.0561,963.5969,237.062,R5_093,R5
395,115.678,49.9733,0.0151,0.0263,45686.8644,19729.0916,2.3157,1004.238,1379.7899,R5_093,R5
324,144.9283,69.3313,0.0151,0.0263,46951.895,22454.8414,2.0909,1590.9877,394.5494,R5_093,R5
332,71.4696,32.9817,0.0215,0.0351,23720.7772,10938.2866,2.1686,363.6898,1598.756,R5_094,R5
344,169.0365,65.4916,0.0215,0.0351,58141.1879,22517.0334,2.5821,543.6802,121.3605,R5_094,R5
400,89.112,56.9226,0.0215,0.0351,35636.2202,22755.0091,1.5661,621.9575,1710.705,R5_094,R5
479,110.5471,50.6588,0.0215,0.0351,52941.776,24248.7646,2.1833,1772.7516,1677.8873,R5_094,R5
389,101.899,42.5248,0.0235,0.0335,39629.5895,16529.089,2.3976,187.2442,1072.1208,R5_095,R5
323,123.3899,63.9635,0.0235,0.0335,39847.3588,20649.3842,1.9297,354.0805,1813.8483,R5_095,R5
316,81.1111,40.347,0.0235,0.0335,25623.6789,12739.0499,2.0114,524.5506,1839.9842,R5_095,R5
330,129.3717,45.6702,0.0235,0.0335,42684.9222,15060.1072,2.8343,933.9667,554.5394,R5_095,R5
340,103.3598,64.7666,0.0235,0.0335,35134.3605,22009.2517,1.5963,1931.8618,1390.7676,R5_095,R5
268,63.7553,39.2426,0.0545,0.0474,17071.7933,10504.297,1.6252,696.9552,1635.3993,R5_096,R5
179,50.5582,25.2079,0.0545,0.0474,9040.1602,4503.73,2.0073,1124.5419,1679,R5_096,R5
187,68.8098,22.7732,0.0545,0.0474,12857.2344,4249.7102,3.0254,1397.1711,84.1497,R5_096,R5
480,180.7075,89.4905,0.0545,0.0474,86713.4302,42932.6667,2.0198,1418.5625,1682.0396,R5_096,R5
232,70.2412,25.6453,0.0545,0.0474,16283.2968,5938.7118,2.7419,1591.8879,473.569,R5_096,R5
248,62.5904,28.1307,0.0545,0.0474,15508.8849,6964.6618,2.2268,1888.5202,1299.4556,R5_096,R5
380,40.2432,18.6791,0.0234,0.034,15283.5431,7085.1521,2.1571,177.8026,1438.1158,R5_097,R5
199,35.9442,18.5229,0.0234,0.034,7148.2549,3679.2832,1.9428,1021.2915,138.407,R5_097,R5
468,75.2253,27.2943,0.0234,0.034,35194.5326,12757.796,2.7587,1557.2009,627.2991,R5_097,R5
372,74.8694,28.8051,0.0234,0.034,27842.7114,10702.8563,2.6014,1942.2957,707.3306,R5_097,R5
433,167.9626,58.864,0.0135,0.0287,72721.944,25475.7112,2.8546,459.5889,486.7044,R5_098,R5
463,196.8781,81.1415,0.0135,0.0287,91148.3035,37555.2552,2.427,590.0065,1098.4514,R5_098,R5
198,126.9339,58.1076,0.0135,0.0287,25130.2422,11499.6338,2.1853,708.7525,1494.3687,R5_098,R5
473,188.2751,61.4529,0.0135,0.0287,89047.738,29053.6572,3.0649,1008.4017,221.797,R5_098,R5
296,74.4074,25.3272,0.0277,0.0384,22016.3914,7485.4883,2.9412,105.4797,251.3176,R5_099,R5
234,55.2341,23.6776,0.0277,0.0384,12918.3111,5531.5831,2.3354,428.4274,1313.7051,R5_099,R5
181,57.7832,25.7469,0.0277,0.0384,10453.7505,4653.2366,2.2466,900.3039,1226.1657,R5_099,R5
363,74.3636,30.2656,0.0277,0.0384,26983.9424,10972.4706,2.4592,1114.4132,1106.7631,R5_099,R5
276,65.3763,30.6288,0.0277,0.0384,18036.2165,8442.9558,2.1362,1354.0978,1680.3043,R5_099,R5
262,78.7523,27.3041,0.0277,0.0384,20625.8557,7143.6199,2.8873,1716.729,344.0038,R5_099,R5
182,54.6366,25.8696,0.0277,0.0384,9938.8297,4701.2771,2.1141,1952.1484,1639.6593,R5_099,R5
344,18.6512,7.6713,0.0444,0.05,6400.7433,2621.7286,2.4414,234.4099,603.9419,R6_100,R6
506,25.2714,12.6192,0.0444,0.05,12764.8608,6360.0523,2.007,1015.5356,1426.415,R6_100,R6
81,5.192,2.642,0.0444,0.05,416.9603,209.9503,1.986,1072,749,R6_100,R6
92,5.2416,2.7271,0.0444,0.05,478.1477,246.2944,1.9414,1215.5,894,R6_100,R6
231,7.2748,3.956,0.0444,0.05,1670.2302,902.2956,1.8511,1694.4026,1441.3593,R6_100,R6
339,9.667,8.8549,0.0444,0.05,3262.0749,2984.863,1.0929,2022.531,320.1121,R6_100,R6
553,25.5315,12.0767,0.044,0.0504,14094.5831,6650.5499,2.1193,102.8861,835.8987,R6_101,R6
387,23.6392,13.0195,0.044,0.0504,9131.3487,5019.0264,1.8193,497.4522,1151.646,R6_101,R6
252,21.0747,9.9385,0.044,0.0504,5299.7355,2491.7994,2.1269,588.3333,1091.0079,R6_101,R6
194,18.0314,8.9894,0.044,0.0504,3489.5507,1734.172,2.0122,1505.1649,1056.5206,R6_101,R6
327,24.8931,11.9665,0.044,0.0504,8125.6608,3896.5785,2.0853,1980.0765,938.3456,R6_101,R6
252,72.2741,30.2485,0.0323,0.0395,18204.9387,7612.6626,2.3914,108.1151,729.4722,R6_102,R6
152,53.0238,23.5297,0.0323,0.0395,8054.7043,3570.5118,2.2559,329.5,1188.5,R6_102,R6
336,80.3205,26.3296,0.0323,0.0395,26976.8384,8833.4668,3.0539,403.8839,76.5536,R6_102,R6
237,58.7671,31.6226,0.0323,0.0395,13920.1629,7485.182,1.8597,432.1857,1870.2954,R6_102,R6
328,66.8305,29.3125,0.0323,0.0395,21909.8324,9601.5308,2.2819,949.1098,991.6982,R6_102,R6
197,59.9545,23.4916,0.0323,0.0395,11804.6825,4620.0494,2.5551,1269,654,R6_102,R6
314,67.0509,28.6079,0.0323,0.0395,21043.8374,8970.4718,2.3459,1397.9936,819.4363,R6_102,R6
170,20.6738,9.3038,0.0424,0.0468,3507.3408,1573.6884,2.2287,215,876.5,R6_103,R6
217,20.7545,13.4395,0.0424,0.0468,4494.5371,2906.2099,1.5465,368.9908,1984.9124,R6_103,R6
266,23.0938,11.5926,0.0424,0.0468,6131.6731,3071.1754,1.9965,855.2218,402.9474,R6_103,R6
112,21.1167,8.5996,0.0424,0.0468,2360.3281,957.9107,2.464,1002.8661,656.1786,R6_103,R6
365,23.5711,13.1338,0.0424,0.0468,8588.0023,4776.7716,1.7979,1151.5452,1725.4466,R6_103,R6
220,25.8256,11.5452,0.0424,0.0468,5672.3175,2529.6408,2.2423,1479.9091,691.1818,R6_103,R6
335,27.0313,12.7654,0.0424,0.0468,9041.3084,4260.7477,2.122,1591.2627,101.4537,R6_103,R6
376,25.4338,12.5329,0.0405,0.0458,9547.9059,4695.1737,2.0336,471.3777,960.617,R6_104,R6
170,16.8738,7.5712,0.0405,0.0458,2861.6614,1279.328,2.2368,504.3588,1122.1588,R6_104,R6
266,20.0494,8.3342,0.0405,0.0458,5322.3665,2204.7292,2.4141,846.312,578.6955,R6_104,R6
184,12.9223,11.0617,0.0405,0.0458,2370.2534,2026.9329,1.1694,1398.3098,637.337,R6_104,R6
92,13.3998,12.3811,0.0405,0.0458,1229.0591,1134.851,1.083,1472,1421.5,R6_104,R6
173,13.6302,12.2492,0.0405,0.0458,2351.0273,2111.1992,1.1136,1482.0867,1440.052,R6_104,R6
345,22.6879,10.0183,0.0405,0.0458,7813.3739,3440.5361,2.271,1811.6841,569.9971,R6_104,R6
305,51.9133,34.2718,0.0299,0.0393,15824.4354,10440.915,1.5156,418.9967,1750.6262,R6_105,R6
256,39.7544,17.605,0.0299,0.0393,10169.4616,4496.8003,2.2615,440.6484,723.5195,R6_105,R6
200,34.2101,17.0709,0.0299,0.0393,6836.0343,3406.3116,2.0069,956.65,1451.225,R6_105,R6
273,40.3341,16.6159,0.0299,0.0393,11003.0459,4525.4072,2.4314,1484.4982,517.7912,R6_105,R6
617,43.902,22.6333,0.0299,0.0393,27069.0669,13940.4522,1.9418,1510.6953,1035.3452,R6_105,R6
531,189.2768,64.1643,0.0156,0.0249,100497.7182,34057.9808,2.9508,342.6893,583.9529,R7_130,R7
267,108.279,38.2715,0.0156,0.0249,28906.3397,10211.8363,2.8307,600.5019,767.0337,R7_130,R7
347,127.4289,70.0629,0.0156,0.0249,44212.4224,24303.1903,1.8192,1656.2392,1721.7781,R7_130,R7
405,185.2811,63.5662,0.0156,0.0249,75032.5552,25734.2048,2.9157,1730.9778,546.3531,R7_130,R7
116,65.4532,23.8154,0.0241,0.0377,7589.7785,2758.2164,2.7517,463.5,340,R7_131,R7
116,64.4871,23.2622,0.0241,0.0377,7477.707,2694.0416,2.7756,471.5,325,R7_131,R7
166,64.4391,30.6653,0.0241,0.0377,10692.881,5084.1873,2.1032,660.6145,1693.1867,R7_131,R7
268,77.7907,28.4325,0.0241,0.0377,20841.4599,7609.812,2.7388,721.8246,754.2463,R7_131,R7
207,76.1617,24.741,0.0241,0.0377,15760.4799,5113.5953,3.0821,1135.8696,325.913,R7_131,R7
389,122.678,45.9267,0.0241,0.0377,47712.3512,17850.8295,2.6728,1154.2622,476.4576,R7_131,R7
246,75.2081,33.6459,0.0241,0.0377,18495.2623,8267.6165,2.2371,1204.0285,1517.5366,R7_131,R7
267,93.7562,32.1956,0.0241,0.0377,25026.4644,8586.1632,2.9147,1860.8989,540.1536,R7_131,R7
154,54.0615,19.0558,0.0711,0.0515,8314.5201,2926.659,2.841,406.8182,631.2987,R7_132,R7
345,109.2792,40.5744,0.0711,0.0515,37676.7843,13980.39,2.695,433.7623,907.9942,R7_132,R7
376,75.2656,34.142,0.0711,0.0515,28273.1272,12818.0222,2.2057,842.6144,1563.0665,R7_132,R7
328,60.8016,25.1185,0.0711,0.0515,19919.5993,8221.9764,2.4227,1355.1006,1262.3628,R7_132,R7
413,150.3248,68.4593,0.0711,0.0515,62054.7864,28252.4389,2.1964,1658.4431,757.9855,R7_132,R7
292,100.932,38.3404,0.0293,0.0402,29463.6112,11183.6635,2.6345,304.5,975,R7_133,R7
309,109.1352,46.4446,0.0293,0.0402,33713.7368,14338.9853,2.3512,622.8544,1462.3948,R7_133,R7
269,94.252,40.7008,0.0293,0.0402,25345.9257,10937.7133,2.3173,1575,1436.5316,R7_133,R7
285,78.5854,34.5595,0.0293,0.0402,22388.4921,9838.0071,2.2757,1893.9018,1455.5333,R7_133,R7
202,72.5529,31.7331,0.0293,0.0402,14649.7801,6401.9776,2.2883,1898.7376,1410.1733,R7_133,R7
125,72.3364,26.7472,0.0293,0.0402,9038.3986,3338.3822,2.7074,1917,778,R7_133,R7
273,81.599,29.0347,0.0293,0.0402,22268.5447,7915.5076,2.8133,1936.2418,618.1392,R7_133,R7
283,53.0532,18.9545,0.0257,0.0378,15006.7868,5353.4166,2.8032,559.2403,638.7138,R7_134,R7
478,67.3823,27.1633,0.0257,0.0378,32196.4833,12965.9703,2.4832,755.3054,1138.954,R7_134,R7
424,130.3096,57.4292,0.0257,0.0378,55240.3606,24333.9376,2.2701,855.2217,1627.1038,R7_134,R7
459,93.9559,31.0441,0.0257,0.0378,43113.9472,14231.8947,3.0294,1488.5795,463.3965,R7_134,R7
417,135.365,55.0532,0.038,0.0359,56431.3469,22942.1966,2.4597,338.4149,1116.988,R7_135,R7
484,226.4723,70.2863,0.038,0.0359,109594.1968,34001.1903,3.2232,390.8822,206.4442,R7_135,R7
329,132.4453,51.0092,0.038,0.0359,43561.9924,16770.2094,2.5976,969.0821,951.0942,R7_135,R7
401,159.7144,93.4862,0.038,0.0359,64030.2263,37473.5532,1.7087,1266.6085,1796.7382,R7_135,R7
305,66.4391,22.7721,0.0544,0.0494,20247.3289,6930.4228,2.9215,325.9082,528.7344,R7_136,R7
252,68.8669,24.1333,0.0544,0.0494,17340.7479,6069.1458,2.8572,621.754,611.1468,R7_136,R7
528,58.0704,27.8997,0.0544,0.0494,30632.4266,14704.955,2.0831,732.4602,1836.3258,R7_136,R7
520,119.9099,46.789,0.0544,0.0494,62324.8203,24304.5625,2.5643,1732.1769,1037.6231,R7_136,R7
191,74.6233,31.6777,0.0304,0.0387,14247.236,6043.0567,2.3576,249,1223,R7_137,R7
408,108.965,47.8378,0.0304,0.0387,44445.3371,19502.0522,2.279,685.2598,1504.2574,R7_137,R7
332,100.8254,32.2937,0.0304,0.0387,33463.946,10708.6895,3.1249,772.5181,334.488,R7_137,R7
197,82.7055,38.773,0.0304,0.0387,16286.9867,7630.6579,2.1344,804.3198,1778.132,R7_137,R7
311,84.6569,33.7717,0.0304,0.0387,26318.853,10490.9653,2.5087,969.5048,1110.4759,R7_137,R7
304,82.7835,35.5139,0.0304,0.0387,25156.9278,10784.478,2.3327,1523.0428,1434.227,R7_137,R7
147,38.524,12.519,0.0474,0.0543,5656.0669,1832.3223,3.0868,523.2789,420.483,R8_145,R8
288,42.7901,15.4191,0.0474,0.0543,12309.9037,4425.0839,2.7818,689.0139,803.0764,R8_145,R8
373,45.9533,14.5721,0.0474,0.0543,17122.9148,5415.166,3.162,1041.6595,317.7721,R8_145,R8
299,50.5548,19.1735,0.0474,0.0543,15101.7385,5716.6585,2.6417,1077.5585,896.9465,R8_145,R8
180,29.1779,18.6378,0.0474,0.0543,5243.499,3345.0306,1.5675,1295.8611,464.8611,R8_145,R8
253,38.4613,17.4886,0.0474,0.0543,9718.7278,4410.8824,2.2034,1740.5059,1535.3162,R8_145,R8
420,45.2492,18.0666,0.0932,0.066,18965.4954,7560.2798,2.5086,480.6786,1001.7143,R8_146,R8
168,25.904,10.0322,0.0932,0.066,4336.2147,1674.3287,2.5898,1130.2679,964.75,R8_146,R8
221,30.0123,10.2417,0.0932,0.066,6612.1151,2248.8335,2.9402,1130.0362,535.19,R8_146,R8
215,33.1929,10.8016,0.0932,0.066,7116.4309,2308.1629,3.0832,1186.1721,352.7442,R8_146,R8
128,26.3594,10.421,0.0932,0.066,3362.0749,1325.4476,2.5366,1327,873.5,R8_146,R8
187,27.5612,10.4032,0.0932,0.066,5136.5117,1933.0695,2.6572,1563.5348,894.492,R8_146,R8
176,24.8062,12.446,0.0932,0.066,4349.4812,2178.8861,1.9962,1949.8807,1390.3011,R8_146,R8
513,44.6852,14.4951,0.0413,0.0479,22902.3467,7411.4353,3.0901,347.8772,360.3879,R8_147,R8
430,50.3514,19.0105,0.0413,0.0479,21633.3538,8153.9567,2.6531,584.7047,947.2209,R8_147,R8
499,24.0176,10.6305,0.0413,0.0479,11964.2053,5280.7527,2.2656,1380.7134,1585.2385,R8_147,R8
196,20.1213,8.1812,0.0413,0.0479,3935.6838,1594.1409,2.4688,1872.9796,948.2347,R8_147,R8
271,26.2836,21.1516,0.0378,0.045,7112.6079,5719.9049,1.2435,417.9963,1647.9262,R8_148,R8
301,38.6624,14.8664,0.0378,0.045,11626.0047,4461.2422,2.606,511.6478,686.99,R8_148,R8
216,20.0229,16.3213,0.0378,0.045,4316.775,3515.6832,1.2279,1200.5046,705.9259,R8_148,R8
137,17.3919,9.3587,0.0378,0.045,2377.5029,1275.9788,1.8633,1611.146,2004.3358,R8_148,R8
644,88.7254,35.6455,0.0378,0.045,57114.8174,22926.7543,2.4912,1834.4286,452.8323,R8_148,R8
512,56.9328,19.3957,0.0377,0.0421,29130.2864,9909.0315,2.9398,418.0508,337.3359,R8_149,R8
405,40.1086,20.1361,0.0377,0.0421,16228.7266,8138.0738,1.9942,907.0247,1853.9951,R8_149,R8
282,31.6395,11.7148,0.0377,0.0421,8911.7139,3291.6931,2.7073,1542.1702,603.7092,R8_149,R8
361,27.2157,13.6708,0.0377,0.0421,9811.2518,4919.9643,1.9942,1625.8172,1161.3961,R8_149,R8
401,79.0965,32.597,0.0322,0.0338,31704.7665,13057.8225,2.428,550.2594,1190.5885,R8_150,R8
359,52.7046,21.1307,0.0322,0.0338,18909.3924,7573.7702,2.4967,652.5181,1068.844,R8_150,R8
92,31.1062,16.6448,0.0322,0.0338,2858.8081,1528.2101,1.8707,737,2016.5,R8_150,R8
535,140.3301,62.0521,0.0322,0.0338,75059.3896,33179.7903,2.2622,1671.9944,1549.828,R8_150,R8
166,33.7707,14.8696,0.0322,0.0338,5600.5886,2462.7311,2.2741,1874.2771,321.6928,R8_150,R8
715,75.6357,26.1129,0.0362,0.0351,54053.6079,18645.6244,2.899,562.4112,682.8252,R8_151,R8
236,45.7477,15.6775,0.0362,0.0351,10787.9131,3691.6067,2.9223,752.6992,1097.1822,R8_151,R8
392,48.6681,20.4935,0.0362,0.0351,19063.6928,8019.6952,2.3771,993.9439,1243.0179,R8_151,R8
216,47.72,15.3562,0.0362,0.0351,10299.6951,3309.3586,3.1123,1343.1759,338.6157,R8_151,R8
383,37.8522,15.9407,0.0408,0.0488,14481.771,6086.5848,2.3793,353.2298,1226.0444,R8_152,R8
342,54.1583,25.1356,0.0408,0.0488,18508.1685,8579.6966,2.1572,671.7719,1550.883,R8_152,R8
337,63.1176,24.8838,0.0408,0.0488,21256.866,8369.3899,2.5398,1159.5401,922.2255,R8_152,R8
230,25.9879,17.1327,0.0408,0.0488,5967.8271,3929.2997,1.5188,1196.9609,969.0043,R8_152,R8
158,26.8258,11.6838,0.0408,0.0488,4232.025,1838.3257,2.3021,1308.9241,960.5127,R8_152,R8
249,34.4065,13.5086,0.0408,0.0488,8557.0524,3351.4954,2.5532,1578.249,957.261,R8_152,R8
263,51.8918,19.0057,0.1449,0.0816,13609.4382,4977.042,2.7344,134.7985,735.346,R8_153,R8
310,83.3485,30.7359,0.1449,0.0816,25793.1083,9502.8375,2.7143,1091.4226,754.1484,R8_153,R8
245,59.1703,28.6953,0.1449,0.0816,14461.2182,7010.3691,2.0628,1151.0327,1799.8735,R8_153,R8
289,77.2577,31.4304,0.1449,0.0816,22285.5904,9059.7967,2.4598,1152.6505,400.7093,R8_153,R8
141,47.9744,37.2622,0.1449,0.0816,6743.9602,5242.4666,1.2864,1375.0355,1344.5177,R8_153,R8
104,45.6867,17.9675,0.1449,0.0816,4736.3496,1860.1378,2.5462,1396,1029.5,R8_153,R8
249,8.4349,9.7283,0.0413,0.0491,2090.0063,2410.1129,0.8672,703.004,1822.5382,RY1_012,RY1
403,9.146,8.9177,0.0413,0.0491,3669.1911,3574.0317,1.0266,1114.1216,668.5186,RY1_012,RY1
188,10.6523,7.0325,0.0413,0.0491,1994.8596,1312.8774,1.5195,1215.8936,736.5585,RY1_012,RY1
386,8.6305,9.291,0.0413,0.0491,3315.4409,3567.3681,0.9294,1224.9145,1595.8394,RY1_012,RY1
270,12.5529,7.2206,0.0413,0.0491,3378.1153,1936.3091,1.7446,1551.1519,1832.3037,RY1_012,RY1
314,8.6149,7.7891,0.0414,0.0483,2692.0937,2430.6126,1.1076,622.0382,1554.9936,RY1_013,RY1
316,12.4761,8.0733,0.0414,0.0483,3929.386,2535.8989,1.5495,843.4177,313.3354,RY1_013,RY1
199,12.9165,6.9073,0.0414,0.0483,2562.1585,1364.952,1.8771,1234.0402,504.4874,RY1_013,RY1
311,8.2973,7.8877,0.0414,0.0483,2567.6034,2438.0542,1.0531,1631.9068,971.0418,RY1_013,RY1
159,7.2969,5.9763,0.0414,0.0483,1153.6238,942.5496,1.2239,1705.4591,1414.4151,RY1_013,RY1
162,7.403,6.1353,0.0414,0.0483,1192.5793,986.0946,1.2094,1720.5,1429.5,RY1_013,RY1
81,7.3414,7.3511,0.0414,0.0483,591.2987,591.5284,0.9996,1785,1631,RY1_013,RY1
145,7.0669,7.0853,0.0414,0.0483,1018.7001,1020.365,0.9984,1791.7241,1613,RY1_013,RY1
265,7.7589,6.8297,0.04,0.0445,2045.502,1798.0892,1.1376,179.5472,807.1509,RY1_014,RY1
266,10.8429,8.9361,0.04,0.0445,2873.5766,2365.1831,1.2149,1147.812,512.718,RY1_014,RY1
263,8.6185,6.5747,0.04,0.0445,2256.1362,1717.4446,1.3137,1161.3042,348.2281,RY1_014,RY1
609,18.0594,13.0391,0.04,0.0445,10973.813,7913.7421,1.3867,1193.936,668.9195,RY1_014,RY1
269,6.4879,6.5435,0.04,0.0445,1734.4818,1748.248,0.9921,1642.5279,1829.2862,RY1_014,RY1
184,5.8115,3.4876,0.0406,0.0499,1061.8328,632.533,1.6787,620.8533,1571.1957,RY1_015,RY1
481,12.3135,6.737,0.0406,0.0499,5903.2645,3216.5025,1.8353,835.3909,313.605,RY1_015,RY1
123,4.7997,4.4551,0.0406,0.0499,585.3611,541.8481,1.0803,947.3577,1136.6829,RY1_015,RY1
160,4.7012,4.2565,0.0406,0.0499,745.697,673.0665,1.1079,1822.1625,1251.7875,RY1_015,RY1
569,10.1478,8.217,0.0406,0.0499,5750.9804,4647.1027,1.2375,1881.6696,202.942,RY1_015,RY1
128,2.5278,1.9303,0.043,0.0526,318.0656,240.344,1.3234,447.0469,549,RY1_016,RY1
282,3.2395,2.8951,0.043,0.0526,901.438,801.5679,1.1246,776.6809,684.2872,RY1_016,RY1
254,3.5622,2.64,0.043,0.0526,893.8926,657.1888,1.3602,1062.3465,456.1969,RY1_016,RY1
541,3.8589,4.0144,0.043,0.0526,2064.4405,2143.3494,0.9632,1610.5952,1666.5582,RY1_016,RY1
103,3.6593,2.0531,0.043,0.0526,372.4807,206.0515,1.8077,1668,342,RY1_016,RY1
160,2.4885,2.0716,0.043,0.0526,391.2863,323.0386,1.2113,1706.0062,717.0375,RY1_016,RY1
127,23.551,13.9435,0.0389,0.0462,2986.0373,1764.9584,1.6918,176.8425,1133.6772,RY2_023,RY2
445,51.8323,22.1779,0.0389,0.0462,23048.0322,9848.6102,2.3402,461.6382,606.3191,RY2_023,RY2
339,42.835,17.3283,0.0389,0.0462,14507.881,5858.6095,2.4763,679.5074,89.9469,RY2_023,RY2
294,33.5512,13.7771,0.0389,0.0462,9852.6162,4036.8646,2.4407,1410.9592,299.7959,RY2_023,RY2
348,36.9739,14.7974,0.0389,0.0462,12853.3539,5133.4059,2.5039,1638.6408,414.8276,RY2_023,RY2
151,25.2362,17.8986,0.0389,0.0462,3804.7875,2695.7028,1.4114,1654.649,1667.351,RY2_023,RY2
432,50.3393,23.2825,0.023,0.0337,21736.6528,10043.4904,2.1643,201.6528,637.5741,RY2_024,RY2
398,58.7298,26.8221,0.023,0.0337,23365.3099,10661.763,2.1915,331.8593,960.6935,RY2_024,RY2
275,37.617,18.9179,0.023,0.0337,10338.3621,5193.1591,1.9908,533.2582,1213.0218,RY2_024,RY2
307,42.107,21.7554,0.023,0.0337,12919.7894,6668.5517,1.9374,1573.8274,1460.4332,RY2_024,RY2
327,54.5319,22.9243,0.023,0.0337,17824.4186,7485.2298,2.3813,1841.9939,572.1131,RY2_024,RY2
188,25.7843,14.2513,0.0318,0.0367,4841.4608,2672.3438,1.8117,82,1124.7394,RY2_025,RY2
368,53.7909,40.3073,0.0318,0.0367,19783.3359,14819.5789,1.3349,86.9783,1387.7228,RY2_025,RY2
384,70.3565,51.34,0.0318,0.0367,27004.6891,19700.4892,1.3708,544.6224,1431.3177,RY2_025,RY2
227,27.2366,14.2797,0.0318,0.0367,6175.4805,3233.1733,1.91,675.5551,1486.3348,RY2_025,RY2
469,57.6963,21.7787,0.0318,0.0367,27044.6157,10197.0194,2.6522,1788.4861,543.2473,RY2_025,RY2
296,33.0547,17.1249,0.0336,0.0435,9774.2492,5056.1017,1.9332,568.5405,1255.5372,RY2_026,RY2
210,32.5963,13.599,0.0336,0.0435,6838.1567,2846.6511,2.4022,637.4524,512.4619,RY2_026,RY2
435,29.6879,15.2339,0.0336,0.0435,12899.5996,6607.794,1.9522,673.4046,1332.0529,RY2_026,RY2
168,25.0245,13.871,0.0336,0.0435,4198.4623,2323.0223,1.8073,1165.4702,684.0655,RY2_026,RY2
252,28.6312,16.2224,0.0336,0.0435,7206.5973,4077.0885,1.7676,1240.7381,1785.0238,RY2_026,RY2
148,33.2387,12.2275,0.0336,0.0435,4914.3579,1803.2286,2.7253,1610.3784,280.6959,RY2_026,RY2
234,24.8056,13.273,0.0336,0.0435,5796.6383,3095.6944,1.8725,1714.406,1750.5299,RY2_026,RY2
233,93.3878,39.7684,0.0215,0.0336,21754.3485,9258.1985,2.3497,175.9785,526.0558,RY2_027,RY2
623,123.434,73.6089,0.0215,0.0336,76885.957,45837.3774,1.6774,360.0674,1634.3098,RY2_027,RY2
313,76.8035,42.746,0.0215,0.0336,24032.7747,13368.9613,1.7977,1378.5687,855.3387,RY2_027,RY2
210,92.2052,37.5232,0.0215,0.0336,19358.5724,7872.8108,2.4589,1455.4238,373.4952,RY2_027,RY2
248,82.2588,40.3107,0.0215,0.0336,20394.8348,9988.7238,2.0418,1452.5,1182.5,RY2_027,RY2
151,73.0575,36.2441,0.0236,0.0336,11028.1189,5467.7776,2.0169,355.0397,543.3907,RY2_028,RY2
289,102.2685,73.0326,0.0236,0.0336,29548.7782,21096.6941,1.4006,595.3737,1286.0311,RY2_028,RY2
320,84.7407,41.2674,0.0236,0.0336,27109.4545,13194.8251,2.0546,784.8937,1152.3688,RY2_028,RY2
426,76.4876,35.04,0.0236,0.0336,32573.6404,14912.7368,2.1843,1110.6854,898.2207,RY2_028,RY2
139,62.036,44.951,0.0236,0.0336,8619.7205,6243.5129,1.3806,1106.5036,1102.0432,RY2_028,RY2
360,107.4825,65.8617,0.0236,0.0336,38685.2006,23698.1228,1.6324,1526.1194,610.3444,RY2_028,RY2
370,4.0617,3.8044,0.0424,0.0525,1487.1467,1388.2055,1.0713,914.7811,1902.4757,RY3_044,RY3
292,3.1649,3.1242,0.0424,0.0525,911.7737,896.9422,1.0165,963.1438,1834.0616,RY3_044,RY3
440,4.2493,3.8022,0.0424,0.0525,1851.0371,1649.8912,1.1219,1048.75,1606.3045,RY3_044,RY3
379,6.3862,5.6943,0.0424,0.0525,2404.3319,2138.2528,1.1244,1529.9974,845.4776,RY3_044,RY3
292,3.6063,3.2475,0.0424,0.0525,1040.6832,932.9404,1.1155,1646.7808,1397.8493,RY3_044,RY3
358,6.3893,6.692,0.0404,0.0506,2272.8935,2377.5911,0.956,35.743,1715.2933,RY3_045,RY3
624,7.7877,7.1597,0.0404,0.0506,4834.3136,4436.0702,1.0898,583.2596,1039.9936,RY3_045,RY3
103,4.2192,2.8699,0.0404,0.0506,430.4131,290.3859,1.4822,1000,243,RY3_045,RY3
92,3.2576,2.6965,0.0404,0.0506,295.983,243.416,1.216,1312,1728.5,RY3_045,RY3
391,13.7136,10.5584,0.0404,0.0506,5346.2224,4108.5503,1.3012,1555.9642,445.7494,RY3_045,RY3
150,9.79,6.379,0.0387,0.0418,1462.6984,950.5804,1.5387,238.1667,173.1333,RY3_046,RY3
412,27.7213,21.2747,0.0387,0.0418,11405.2213,8747.932,1.3038,497.7282,282.2015,RY3_046,RY3
118,14.9023,9.195,0.0387,0.0418,1753.9096,1080.0714,1.6239,1038.3475,182.6525,RY3_046,RY3
634,19.2453,16.4782,0.0387,0.0418,12176.9871,10420.6686,1.1685,1251.2666,1074.4322,RY3_046,RY3
245,8.7497,9.1388,0.0387,0.0418,2134.1921,2228.7609,0.9576,1339.7714,1880.9755,RY3_046,RY3
154,9.2712,7.7523,0.049,0.0504,1420.2175,1186.0887,1.1974,112.2078,1132.3636,RY3_047,RY3
168,9.0044,6.5104,0.049,0.0504,1504.5021,1085.2766,1.3863,146,252.5,RY3_047,RY3
260,11.4504,11.2376,0.049,0.0504,2964.3537,2908.6569,1.0191,802.9115,1515.3346,RY3_047,RY3
600,23.0745,21.1728,0.049,0.0504,13815.2487,12673.4447,1.0901,1217.5283,817.8033,RY3_047,RY3
363,12.6179,10.918,0.049,0.0504,4562.4812,3944.9189,1.1565,1984.438,964.2755,RY3_047,RY3
326,8.6673,7.6027,0.0435,0.0535,2811.3346,2461.0489,1.1423,525.8558,1319.4264,RY3_048,RY3
219,5.6151,3.7362,0.0435,0.0535,1220.1785,806.5081,1.5129,646.3105,1861.6393,RY3_048,RY3
464,10.9553,8.5216,0.0435,0.0535,5063.059,3929.2258,1.2886,670.3599,692.5905,RY3_048,RY3
411,17.3185,9.3443,0.0435,0.0535,7100.0008,3818.5474,1.8593,1095.0803,366.6156,RY3_048,RY3
236,7.9356,4.2862,0.0435,0.0535,1862.5249,998.9331,1.8645,1759.3093,914.75,RY3_048,RY3
494,17.6222,9.0325,0.0432,0.0462,8684.0091,4439.2079,1.9562,278.4352,279.9737,RY3_049,RY3
252,8.344,6.4461,0.0432,0.0462,2091.7864,1612.7672,1.297,1052.8651,1290.8333,RY3_049,RY3
315,7.1296,5.6609,0.0432,0.0462,2232.2199,1768.6153,1.2621,1228.8349,1246.6095,RY3_049,RY3
488,25.9011,24.6396,0.0432,0.0462,12618.6295,12001.5676,1.0514,1688.875,1366.3361,RY3_049,RY3
105,7.2016,6.8835,0.0391,0.0439,752.0594,718.1582,1.0472,134.9905,882.4476,RY3_050,RY3
205,7.5918,7.5503,0.0391,0.0439,1548.3085,1538.8006,1.0062,462.5366,814.5122,RY3_050,RY3
182,10.3955,6.1388,0.0391,0.0439,1884.8575,1109.2643,1.6992,499.989,273.033,RY3_050,RY3
361,7.9776,8.0476,0.0391,0.0439,2865.7783,2889.3382,0.9918,985.5263,1113.5152,RY3_050,RY3
662,11.456,13.001,0.0391,0.0439,7557.9747,8577.6032,0.8811,1222.5529,1487.932,RY3_050,RY3
81,7.5634,5.9568,0.0391,0.0439,609.4693,478.9456,1.2725,1656,1209,RY3_050,RY3
354,17.265,17.6137,0.0364,0.0417,6098.9092,6220.4826,0.9805,621.8136,1261.774,RY3_051,RY3
424,15.9347,12.5085,0.0364,0.0417,6740.8874,5285.9124,1.2753,1365.7476,258.9269,RY3_051,RY3
874,14.6193,15.2668,0.0364,0.0417,12745.4201,13306.7612,0.9578,1373.5561,1690.8753,RY3_051,RY3
173,64.2035,33.0978,0.0073,0.0175,11105.9478,5722.8941,1.9406,87.4855,1524.5376,RY4_068,RY4
664,154.4139,82.4449,0.0073,0.0175,102525.9654,54731.8137,1.8732,864.0858,1793.9744,RY4_068,RY4
320,125.3567,53.4652,0.0073,0.0175,40111.7915,17103.266,2.3453,1142.3625,574.7375,RY4_068,RY4
169,97.5364,59.8527,0.0073,0.0175,16482.4102,10112.1576,1.63,2020.6864,1208.9349,RY4_068,RY4
239,110.042,47.3848,0.0223,0.0331,26294.6932,11317.0536,2.3235,279.364,976.1255,RY4_069,RY4
350,100.8461,34.9627,0.0223,0.0331,35288.3426,12225.3422,2.8865,326.2286,220.9743,RY4_069,RY4
281,101.3093,68.7372,0.0223,0.0331,28461.6393,19305.8332,1.4743,919.0783,1715.6619,RY4_069,RY4
253,60.6436,33.6358,0.0223,0.0331,15337.173,8501.4743,1.8041,927.3202,599.2569,RY4_069,RY4
323,66.1068,38.0749,0.0223,0.0331,21345.2954,12287.4937,1.7372,1092.6099,934.4923,RY4_069,RY4
216,55.4086,26.5084,0.0223,0.0331,11963.4359,5718.6501,2.092,1555.0324,1329.9954,RY4_069,RY4
430,162.2582,59.1611,0.0371,0.0306,69755.1016,25426.1032,2.7434,343.9651,376.2233,RY4_070,RY4
157,98.6414,50.3311,0.0371,0.0306,15480.8857,7897.1729,1.9603,1026.293,836.4841,RY4_070,RY4
211,93.0406,48.0603,0.0371,0.0306,19623.7527,10134.255,1.9364,1073.5355,1746.0142,RY4_070,RY4
81,105.5321,37.2869,0.0371,0.0306,8545.0939,3017.7545,2.8316,1403,435,RY4_070,RY4
273,103.1252,45.0724,0.0371,0.0306,28143.0545,12296.4104,2.2887,1413.0366,1203.5018,RY4_070,RY4
400,224.4145,98.5076,0.0371,0.0306,89750.9859,39390.7857,2.2785,1594.2525,1016.29,RY4_070,RY4
163,104.1432,43.5989,0.1111,0.0737,16957.2312,7094.6214,2.3902,311.3988,1113.454,RY4_071,RY4
283,118.2166,64.5633,0.1111,0.0737,33423.8506,18250.574,1.8314,377.1519,1822.8304,RY4_071,RY4
137,111.9418,45.7592,0.1111,0.0737,15320.8061,6258.9223,2.4478,740.4599,1088.5036,RY4_071,RY4
187,98.9114,53.6948,0.1111,0.0737,18475.6523,10027.1505,1.8426,952.2674,1817.8235,RY4_071,RY4
360,151.982,66.4656,0.1111,0.0737,54673.5167,23901.0858,2.2875,1164.1861,1255.7722,RY4_071,RY4
123,117.6184,44.6611,0.1111,0.0737,14453.4004,5484.2587,2.6354,1642.7886,725.8293,RY4_071,RY4
252,116.8478,57.8173,0.1111,0.0737,29417.6517,14551.3872,2.0216,1648.6865,1540.8849,RY4_071,RY4
131,89.7086,36.7073,0.0484,0.0387,11745.4752,4803.5759,2.4452,215,908,RY4_072,RY4
264,143.8333,51.5887,0.0484,0.0387,37959.1985,13609.1832,2.7892,285.5644,451.9962,RY4_072,RY4
263,121.9674,50.1655,0.0484,0.0387,32064.6948,13183.3333,2.4322,647.5665,902.3156,RY4_072,RY4
81,104.6158,38.4686,0.0484,0.0387,8469.9585,3112.8165,2.721,774,588,RY4_072,RY4
303,123.9874,61.6939,0.0484,0.0387,37553.515,18681.5115,2.0102,889.6205,1429.2343,RY4_072,RY4
103,86.4458,38.518,0.0484,0.0387,8898.9251,3963.3607,2.2453,903,1254,RY4_072,RY4
287,85.4233,37.3569,0.0484,0.0387,24502.5859,10710.3043,2.2878,1104.1568,1246.6655,RY4_072,RY4
129,86.6427,46.7191,0.0484,0.0387,11170.6615,6021.7618,1.855,1665.0853,2022.9845,RY4_072,RY4
174,85.397,41.8373,0.0484,0.0387,14850.6487,7272.9556,2.0419,1747.3678,1452.9943,RY4_072,RY4
210,108.0539,43.0937,0.0227,0.0333,22686.5633,9042.6779,2.5088,379.7619,873.9762,RY4_073,RY4
183,94.0168,40.6125,0.0227,0.0333,17200.9214,7425.9765,2.3163,493.5519,988.0273,RY4_073,RY4
269,102.5206,49.0812,0.0227,0.0333,27571.9347,13193.8825,2.0898,532.487,1339.5242,RY4_073,RY4
230,119.4328,50.1117,0.0227,0.0333,27464.3197,11518.0277,2.3845,615.5652,929.9957,RY4_073,RY4
283,117.688,45.7008,0.0227,0.0333,33299.2865,12923.8868,2.5766,935.318,667.3286,RY4_073,RY4
427,260.6085,101.1556,0.0227,0.0333,111270.1322,43179.2051,2.5769,1923.4895,367.9813,RY4_073,RY4
250,101.83,50.6276,0.0225,0.0327,25451.8833,12648.7314,2.0122,545.536,1595.036,RY4_074,RY4
114,167.1227,53.5342,0.0225,0.0327,19049.4262,6099.1731,3.1233,800,164.5,RY4_074,RY4
268,103.218,50.5458,0.0225,0.0327,27656.3935,13537.5121,2.0429,846.959,969.153,RY4_074,RY4
332,121.8003,43.6351,0.0225,0.0327,40430.2303,14476.0017,2.7929,1082.0181,354.1295,RY4_074,RY4
296,120.452,60.1648,0.0225,0.0327,35647.1376,17799.1176,2.0027,1137.5405,1349.6824,RY4_074,RY4
271,132.4497,46.3752,0.0225,0.0327,35887.7915,12558.8262,2.8576,1332.1476,223.8229,RY4_074,RY4
297,49.7354,26.7867,0.019,0.0299,14765.7628,7946.7707,1.8581,111.0707,653.2424,RY4_076,RY4
313,114.56,45.1249,0.019,0.0299,35851.317,14114.734,2.54,429.1821,520.0927,RY4_076,RY4
391,105.402,57.8383,0.019,0.0299,41204.7258,22603.0886,1.823,600.1023,1000.5985,RY4_076,RY4
525,101.9561,38.7117,0.019,0.0299,53516.9453,20307.9018,2.6353,1773.3943,784.4476,RY4_076,RY4
234,39.7803,13.9849,0.0414,0.0472,9298.9151,3261.4071,2.8512,260.6026,193.5427,RY5_077,RY5
234,26.9645,17.597,0.0414,0.0472,6300.0038,4106.6479,1.5341,313.9957,1397.453,RY5_077,RY5
257,38.9785,16.9486,0.0414,0.0472,10006.8362,4343.6595,2.3038,384.4591,785.3541,RY5_077,RY5
231,29.6319,25.3076,0.0414,0.0472,6835.4191,5835.135,1.1714,721.8788,1062.2597,RY5_077,RY5
353,38.4665,16.9025,0.0414,0.0472,13564.0906,5949.9231,2.2797,906.8074,608.068,RY5_077,RY5
391,42.5571,21.5515,0.0414,0.0472,16623.6693,8408.1469,1.9771,1241.7084,1076.4757,RY5_077,RY5
324,40.6622,20.2802,0.0346,0.0417,13163.3291,6557.2543,2.0074,201.4753,113.713,RY5_078,RY5
348,40.2135,29.3211,0.0346,0.0417,13982.2434,10189.205,1.3723,359.8046,1818.1149,RY5_078,RY5
265,52.8409,27.4047,0.0346,0.0417,13993.6776,7251.1797,1.9298,693.3019,373.1547,RY5_078,RY5
81,27.1424,13.0114,0.0346,0.0417,2195.7325,1050.5438,2.0901,841,1241,RY5_078,RY5
321,36.1801,15.3048,0.0346,0.0417,11602.7082,4899.4305,2.3682,1117.352,225.1558,RY5_078,RY5
256,31.4527,15.5335,0.0346,0.0417,8043.0325,3965.9018,2.028,1949.1719,1000.1719,RY5_078,RY5
125,18.2961,9.8289,0.0364,0.0489,2282.4588,1222.4919,1.8671,350,1498,RY5_081,RY5
357,21.5123,8.532,0.0364,0.0489,7666.8707,3028.4607,2.5316,510.7031,155.5826,RY5_081,RY5
154,18.1019,7.1116,0.0364,0.0489,2782.0734,1087.6509,2.5579,1129.8247,750.1818,RY5_081,RY5
129,18.9509,6.8124,0.0364,0.0489,2439.9626,872.4908,2.7965,1294.9147,191.9845,RY5_081,RY5
200,23.8478,9.3472,0.0364,0.0489,4762.2707,1859.6527,2.5608,1460.99,686.17,RY5_081,RY5
631,23.2957,8.394,0.0364,0.0489,14676.5745,5265.7335,2.7872,1591.1569,470.7401,RY5_081,RY5
92,19.4238,7.9223,0.0244,0.0319,1784.7401,725.9203,2.4586,187.5,363,RY5_082,RY5
300,29.5628,13.1156,0.0244,0.0319,8861.496,3925.1056,2.2576,382.4667,176.6333,RY5_082,RY5
427,19.3529,8.8038,0.0244,0.0319,8253.2548,3745.6007,2.2035,1159.1124,1412.6674,RY5_082,RY5
249,18.4107,8.9884,0.0244,0.0319,4578.1928,2230.1712,2.0528,1679.0361,909.3855,RY5_082,RY5
366,13.6916,9.4064,0.0244,0.0319,5002.1806,3431.053,1.4579,2011.3579,13.7623,RY5_082,RY5
219,40.4464,18.2504,0.0256,0.0295,8852.1613,3990.3937,2.2184,182.6575,942.2694,RY5_083,RY5
439,40.8701,22.5779,0.0256,0.0295,17930.7632,9898.7609,1.8114,784.8018,233.0228,RY5_083,RY5
235,40.4898,21.5771,0.0256,0.0295,9509.0987,5063.7008,1.8779,1031.7319,1659.1617,RY5_083,RY5
139,43.2404,18.234,0.0256,0.0295,6006.8621,2530.4252,2.3739,1274.8489,926.8058,RY5_083,RY5
351,62.616,35.2946,0.0256,0.0295,21969.2321,12378.0691,1.7749,1668.3134,1033.245,RY5_083,RY5
243,16.9692,7.6733,0.0347,0.045,4115.0716,1853.6782,2.2199,459.7737,1252.6132,RY6_112,RY6
579,27.9808,12.9917,0.0347,0.045,16180.7751,7496.1417,2.1585,924.6339,1642.1675,RY6_112,RY6
442,82.7464,30.5195,0.0347,0.045,36558.5584,13469.729,2.7141,999.2647,783.9231,RY6_112,RY6
222,21.3806,7.6221,0.0347,0.045,4738.7924,1682.1267,2.8171,1301.6847,354.3919,RY6_112,RY6
128,20.9493,7.0201,0.0347,0.045,2677.0655,892.8155,2.9985,1601.5,299,RY6_112,RY6
317,103.3666,39.5466,0.0197,0.036,32760.9628,12524.8617,2.6157,345.7476,838.0284,RY6_113,RY6
330,104.5612,38.7957,0.0197,0.036,34498.7057,12790.7132,2.6972,470.3212,766.1303,RY6_113,RY6
566,110.3784,32.1874,0.0197,0.036,62463.03,18197.6783,3.4325,878.9293,54.4788,RY6_113,RY6
355,99.6322,46.4456,0.0197,0.036,35362.4228,16475.406,2.1464,1548.769,1726.9915,RY6_113,RY6
129,95.7127,27.2854,0.0197,0.036,12344.3934,3515.1724,3.5117,1680,207,RY6_113,RY6
359,32.9066,16.2081,0.0252,0.0413,11804.4142,5803.8972,2.0339,292.7994,1824.1086,RY6_114,RY6
519,92.7678,34.8236,0.0252,0.0413,48133.4174,18051.9942,2.6664,759.7842,839.9942,RY6_114,RY6
657,51.861,21.928,0.0252,0.0413,34056.1317,14379.5853,2.3684,1893.8295,1288.6286,RY6_114,RY6
167,75.6443,37.8234,0.0161,0.0293,12629.9066,6311.6079,2.0011,532.4731,1929.5988,RY6_115,RY6
241,100.1962,35.0333,0.0161,0.0293,24143.3992,8435.9601,2.862,1187.971,720.4979,RY6_115,RY6
688,188.1338,75.6364,0.0161,0.0293,129424.9388,52017.6444,2.4881,1483.3692,1161.9012,RY6_115,RY6
539,90.5168,41.8743,0.0161,0.0293,48779.8844,22554.4377,2.1628,1523.5826,1699.2393,RY6_115,RY6
391,84.3648,28.3206,0.0169,0.0302,32980.0283,11061.5607,2.9815,212.4834,392.7391,RY6_116,RY6
762,102.0397,34.1932,0.0169,0.0302,77741.3706,26032.2167,2.9864,871.748,439.0735,RY6_116,RY6
373,133.0859,69.7008,0.0169,0.0302,49634.7349,25987.1368,1.91,1789.1019,1608.7989,RY6_116,RY6
210,177.9532,61.75,3.7157,1.6843,36589.8713,12613.7923,2.9008,555.5381,471.6571,RY6_117,RY6
242,193.9187,74.1804,3.7157,1.6843,46029.1145,17544.0385,2.6236,778.9669,914.0041,RY6_117,RY6
255,178.8083,69.2908,3.7157,1.6843,44648.6092,17239.655,2.5899,900.9804,1005.902,RY6_117,RY6
279,182.1642,78.2588,3.7157,1.6843,49787.1252,21364.2677,2.3304,937.5341,1312.8315,RY6_117,RY6
252,188.213,74.8725,3.7157,1.6843,46493.3188,18443.4185,2.5209,970.0556,1069.5119,RY6_117,RY6
105,155.9901,80.0004,3.7157,1.6843,15988.8075,8223.1903,1.9444,1041.9905,1391.4476,RY6_117,RY6
288,161.2919,66.0878,3.7157,1.6843,45381.9413,18548.1919,2.4467,1048.2326,1233.7569,RY6_117,RY6
746,123.025,60.3479,0.0191,0.0361,91762.4602,44992.5723,2.0395,481.9651,1807.8646,RY6_119,RY6
497,96.8212,44.5665,0.0191,0.0361,48110.674,22131.5735,2.1738,1494.3944,1803.4326,RY6_119,RY6
368,129.0693,46.643,0.0191,0.0361,47490.4809,17151.3127,2.7689,1794.8668,766,RY6_119,RY6
227,25.5889,11.4327,0.0248,0.0367,5803.0577,2586.8967,2.2433,492.9692,1062.163,RY6_120,RY6
602,196.8831,71.8926,0.0248,0.0367,118508.7154,43257.2374,2.7396,617.4684,756.2757,RY6_120,RY6
641,32.073,14.3079,0.0248,0.0367,20542.8709,9147.8635,2.2456,1210.9641,1427.259,RY6_120,RY6
363,78.0145,33.0648,0.0245,0.035,28310.362,11989.8022,2.3612,307.2397,1476.1322,RY6_121,RY6
205,54.2245,24.5534,0.0245,0.035,11110.989,5026.262,2.2106,366.1415,1701,RY6_121,RY6
585,89.0936,36.7413,0.0245,0.035,52105.3968,21473.1629,2.4265,435.2923,1288.7094,RY6_121,RY6
99,63.7937,21.2094,0.0245,0.035,6313.1443,2096.2618,3.0116,1143.3232,299.6768,RY6_121,RY6
361,68.4214,30.5261,0.0245,0.035,24691.261,11007.2809,2.2432,1715.5457,1105.9584,RY6_121,RY6
421,98.0596,36.5301,0.0219,0.0368,41273.8612,15363.6785,2.6865,235.6271,821.4679,RY6_122,RY6
465,48.6028,21.9883,0.0219,0.0368,22590.0956,10207.4857,2.2131,413.9269,1665.2409,RY6_122,RY6
472,47.77,21.5375,0.0219,0.0368,22537.1029,10148.3634,2.2208,714.7669,1682.8623,RY6_122,RY6
246,43.1953,14.3303,0.0219,0.0368,10620.6559,3516.2122,3.0205,1460.5447,462.5,RY6_122,RY6
397,64.3896,27.028,0.0332,0.0425,25549.5256,10713.2341,2.3849,426.461,1347.864,RY6_123,RY6
445,53.1612,24.2157,0.0332,0.0425,23641.9584,10757.0679,2.1978,1107.6315,1794.1169,RY6_123,RY6
391,71.3483,28.6485,0.0332,0.0425,27884.2312,11184.9278,2.493,1237.9437,1259.0997,RY6_123,RY6
348,77.3568,23.9586,0.0332,0.0425,26908.6231,8322.8117,3.2331,1262.0144,301.9684,RY6_123,RY6
171,26.8032,9.4257,0.0565,0.0551,4573.6901,1602.3795,2.8543,347.6901,163.3977,RY7_124,RY7
334,27.7225,11.0156,0.0565,0.0551,9240.4282,3660.8016,2.5242,410.5329,611.2275,RY7_124,RY7
291,20.7004,11.5264,0.0565,0.0551,6007.3673,3338.1517,1.7996,678.0447,1017.0275,RY7_124,RY7
228,16.7046,16.0629,0.0565,0.0551,3795.758,3649.7839,1.04,715.9035,1577.5263,RY7_124,RY7
312,19.8293,9.6049,0.0565,0.0551,6169.113,2979.5509,2.0705,765.7724,1128.359,RY7_124,RY7
277,20.8033,9.9809,0.0565,0.0551,5746.8601,2749.4561,2.0902,1159.0542,1464.0253,RY7_124,RY7
116,16.2906,12.5331,0.0565,0.0551,1883.1566,1447.4461,1.301,1428.5948,1184.5172,RY7_124,RY7
465,47.2252,24.6303,0.05,0.052,21936.4615,11428.8908,1.9194,333.5505,1536.2366,RY7_125,RY7
416,59.1797,37.5676,0.05,0.052,24597.9292,15606.4887,1.5761,346.2524,1056.3365,RY7_125,RY7
150,31.5011,31.1105,0.05,0.052,4717.6586,4658.7736,1.0126,900.22,1452.7133,RY7_125,RY7
194,47.0432,22.4677,0.05,0.052,9116.6703,4348.6309,2.0964,1530.2216,1498.5361,RY7_125,RY7
210,40.26,19.0709,0.05,0.052,8444.0844,3993.9639,2.1142,1658.5,1365.5,RY7_125,RY7
184,31.5154,20.2365,0.05,0.052,5789.6356,3713.9446,1.5589,1751.3043,418.9837,RY7_125,RY7
477,42.9727,18.927,0.0732,0.0629,20463.0346,8998.2055,2.2741,159.7715,300.2055,RY7_126,RY7
265,28.338,14.6358,0.0732,0.0629,7490.1559,3861.8259,1.9395,756.8075,1175.9623,RY7_126,RY7
358,30.5521,15.7178,0.0732,0.0629,10911.4237,5604.4812,1.9469,950.5559,1275.6732,RY7_126,RY7
240,26.9545,15.0695,0.0732,0.0629,6451.4962,3601.6037,1.7913,1116.8167,1902.6375,RY7_126,RY7
341,27.0896,12.1704,0.0732,0.0629,9212.5965,4128.68,2.2314,1146.1584,1136.2669,RY7_126,RY7
287,13.8576,11.4668,0.1543,0.0955,3932.8455,3263.5578,1.2051,522.6864,1316.9861,RY7_127,RY7
227,16.7412,10.0699,0.1543,0.0955,3765.2238,2264.1834,1.663,926.1982,1816.7533,RY7_127,RY7
104,18.7763,6.5121,0.1543,0.0955,1936.6867,667.3237,2.9022,1297.5,334.5,RY7_127,RY7
245,18.9158,7.3716,0.1543,0.0955,4596.5667,1782.6313,2.5785,1318.5061,329.4612,RY7_127,RY7
156,13.7863,7.0242,0.1543,0.0955,2126.5995,1080.8793,1.9675,1373.0064,1839.2628,RY7_127,RY7
81,19.6683,6.9169,0.1543,0.0955,1580.6359,552.5323,2.8607,1588,178,RY7_127,RY7
297,26.1162,8.3264,0.1543,0.0955,7710.6772,2444.5641,3.1542,1758.6633,50.5556,RY7_127,RY7
302,27.3078,13.1949,0.0683,0.0642,8226.3203,3965.46,2.0745,531.9669,1613.1325,RY7_128,RY7
267,44.4901,23.2918,0.0683,0.0642,11860.6272,6201.7814,1.9125,591.4906,1183.0337,RY7_128,RY7
367,27.2997,13.7798,0.0683,0.0642,9993.9109,5033.6252,1.9854,792.7847,1780.0681,RY7_128,RY7
319,44.2471,15.6949,0.0683,0.0642,14093.0205,4986.1953,2.8264,1259.6583,158.2978,RY7_128,RY7
386,27.2182,14.1518,0.0683,0.0642,10479.8462,5437.8357,1.9272,1513.8187,1542.101,RY7_128,RY7
251,42.5519,19.2226,0.2255,0.1594,10623.9289,4784.8553,2.2203,273.4104,1089.6892,RY7_129,RY7
234,37.4652,18.2419,0.2255,0.1594,8714.099,4231.2847,2.0594,1058.4487,1632.453,RY7_129,RY7
452,48.289,20.6572,0.2255,0.1594,21724.7159,9264.9854,2.3448,1090.0243,854.7655,RY7_129,RY7
239,46.1198,17.8004,0.2255,0.1594,10968.7412,4216.1929,2.6016,1245.2887,568.159,RY7_129,RY7
267,42.0813,20.0504,0.2255,0.1594,11175.4993,5310.8978,2.1043,1544.8165,1279.4045,RY7_129,RY7
189,43.407,17.7666,0.2255,0.1594,8161.3015,3327.7615,2.4525,1973.2011,914.0741,RY7_129,RY7
676,49.6944,20.2705,0.041,0.0503,33565.6961,13668.841,2.4556,589.7766,731.9379,RY8_138,RY8
325,27.275,11.0424,0.041,0.0503,8851.0353,3572.437,2.4776,875.4923,767.6431,RY8_138,RY8
307,27.7325,11.3663,0.041,0.0503,8501.2627,3474.0101,2.4471,1043.6384,1048.2573,RY8_138,RY8
175,15.8929,10.7034,0.041,0.0503,2774.0672,1864.2891,1.488,1453.0286,1469.4914,RY8_138,RY8
298,41.6537,15.0931,0.0454,0.0453,12399.2853,4484.2498,2.7651,89.2114,655.2282,RY8_139,RY8
272,40.2434,16.3599,0.0454,0.0453,10933.85,4437.5687,2.4639,545.9963,1069.9743,RY8_139,RY8
309,55.9412,17.7393,0.0454,0.0453,17271.8121,5467.4399,3.159,1412.589,219.3625,RY8_139,RY8
346,84.0682,36.6811,0.0454,0.0453,29071.8897,12675.9983,2.2935,1844.9624,904.6214,RY8_139,RY8
403,49.4612,21.4131,0.0454,0.0453,19914.5817,8611.2014,2.3126,1927.0794,1304.6973,RY8_139,RY8
349,39.9417,19.7655,0.0531,0.0478,13921.1193,6881.475,2.023,468.4183,359.9312,RY8_140,RY8
415,32.6517,14.4296,0.0531,0.0478,13528.4175,5968.4613,2.2667,813.2916,1398.5711,RY8_140,RY8
315,38.0922,18.7599,0.0531,0.0478,11982.3005,5894.3266,2.0329,1545.4413,1467.6159,RY8_140,RY8
462,78.0621,24.1184,0.0531,0.0478,36040.12,11120.5958,3.2408,1772.5801,236.5693,RY8_140,RY8
496,140.5395,65.8279,0.0425,0.0518,69686.5302,32624.9697,2.136,331.9073,1458.3831,RY8_141,RY8
263,91.5003,41.5505,0.0425,0.0518,24053.4082,10914.1799,2.2039,369.251,911.0532,RY8_141,RY8
237,122.0227,38.2078,0.0425,0.0518,28909.3111,9042.9831,3.1969,399.8692,34.2194,RY8_141,RY8
174,83.7195,33.882,0.0425,0.0518,14559.8008,5886.4585,2.4734,883.7126,1109.1897,RY8_141,RY8
183,82.0502,38.1161,0.0425,0.0518,15007.4081,6965.7677,2.1545,1032.5082,1656.4699,RY8_141,RY8
312,126.2254,42.435,0.0425,0.0518,39369.0533,13223.581,2.9772,1084.0609,420.6923,RY8_141,RY8
376,69.1659,29.7799,0.0447,0.0411,25989.5539,11181.7592,2.3243,111.0878,1075.9894,RY8_143,RY8
247,78.5403,30.5886,0.0447,0.0411,19388.4188,7545.2305,2.5696,110.0283,627.0526,RY8_143,RY8
136,64.9072,31.7031,0.0447,0.0411,8821.3017,4306.0279,2.0486,261.5,1675.5,RY8_143,RY8
187,63.3978,31.5353,0.0447,0.0411,11847.0324,5889.4055,2.0116,317.4599,1777.492,RY8_143,RY8
111,84.4236,26.7375,0.0447,0.0411,9366.0563,2963.2904,3.1607,1091.3423,261.1802,RY8_143,RY8
368,89.1109,31.016,0.0447,0.0411,32776.3607,11398.7374,2.8754,1175.4674,372.5109,RY8_143,RY8
262,75.4274,29.0557,0.0447,0.0411,19750.2774,7601.8145,2.5981,1567.0305,751.0038,RY8_143,RY8
81,61.0922,51.3126,0.0447,0.0411,4944.8461,4152.9901,1.1907,1856,1705,RY8_143,RY8
254,27.9363,12.4793,0.0543,0.0542,7082.029,3155.9733,2.244,272.1063,1330.311,RY8_144,RY8
302,30.1747,15.5682,0.0543,0.0542,9096.3819,4685.2195,1.9415,405.1656,1903.6424,RY8_144,RY8
345,35.8798,13.463,0.0543,0.0542,12359.8143,4626.0351,2.6718,438.6841,754.229,RY8_144,RY8
179,36.3686,11.7642,0.0543,0.0542,6500.2723,2096.0948,3.1011,500.9888,229.1788,RY8_144,RY8
336,45.942,17.1347,0.0543,0.0542,15418.2714,5739.0545,2.6866,622.3571,564.1756,RY8_144,RY8
298,33.1163,16.8183,0.0543,0.0542,9852.4961,4995.6986,1.9722,1550.5067,1652.557,RY8_144,RY8
